respondent_id,submitted_at,consent,region,residence_zone,age_group,gender,race_color,income_group,education,consumption_frequency,consumer_profile,consumer_profile_raw,wine_types_raw,purchase_channels_raw,purchase_factors_raw,sustainable_attributes_raw,label_importance,monthly_consumption_estimate,consumption_intensity,label_importance_score,high_label_importance,consumer_knowledge_score,strategic_segment
1,2026-04-28 17:25:51.772,"Sim, aceito participar",Região Sul,Zona urbana,Entre 26 e 35 anos,Feminino,Branca,De 3 a 4 salários mínimos,Pós-graduação completa,Raramente,Apreciador técnico,"Apreciador, com conhecimentos técnicos",Vinho branco seco,Supermercados,"Preço, Variedade, Recomendação (amigos, especialistas, avaliações), Design e informação do rótulo","Origem das uvas (região/procedência), Preço, Grau de inovação do produto",Extremamente importante,0.5,Baixa frequência,4,1,3,Potencial sustentável
2,2026-04-29 14:26:30.393,"Sim, aceito participar",Região Sul,Zona urbana,Entre 36 e 45 anos,Feminino,Branca,Acima de 6 salários mínimos,Pós-graduação completa,De 4 a 6 vezes por semana,Profissional do setor,"Profissional da área de vinhos (ex.: sommelier, enólogo, atuação na indústria ou enoturismo)","Vinho tinto seco, Vinho branco seco, Vinho espumante","Supermercados, Lojas físicas especializadas, Lojas online especializadas","Preço, Região de origem, Variedade, Recomendação (amigos, especialistas, avaliações), Práticas sustentáveis e/ou impacto ambiental, Curiosidade ou interesse por novos produtos","Sustentabilidade ambiental (menor impacto no cultivo), Presença de certificações ou selos ambientais, Grau de inovação do produto",Extremamente importante,21.5,Alta frequência,4,1,4,Alta prioridade
3,2026-05-11 11:05:23.053,"Sim, aceito participar",Região Sul,Zona urbana,Entre 18 e 25 anos,Feminino,Branca,De 1 a 2 salários mínimos,Pós-graduação incompleta,Raramente,Apreciador interessado,"Apreciador, com interesse pelo tema","Vinho tinto seco, Vinho branco seco, Vinho rosé",Supermercados,"Preço, Variedade, Recomendação (amigos, especialistas, avaliações), Descrição sensorial (aroma, sabor estilo), Curiosidade ou interesse por novos produtos","Qualidade sensorial (sabor, aroma, equilíbrio), Origem das uvas (região/procedência), Preço, Grau de inovação do produto",Muito importante,0.5,Baixa frequência,3,1,2,Potencial sustentável
4,2026-05-11 11:07:49.146,"Sim, aceito participar",Região Nordeste,Zona urbana,Entre 36 e 45 anos,Feminino,Parda,De 5 a 6 salários mínimos,Pós-graduação completa,Raramente,Consumidor ocasional,"Consumidor ocasional, sem conhecimento técnico","Vinho tinto seco, Vinho demi-sec","Supermercados, Lojas online especializadas","Preço, Variedade, Descrição sensorial (aroma, sabor estilo)","Qualidade sensorial (sabor, aroma, equilíbrio), Sustentabilidade ambiental (menor impacto no cultivo)",Extremamente importante,0.5,Baixa frequência,4,1,1,Potencial sustentável
5,2026-05-11 11:21:19.524,"Sim, aceito participar",Região Sudeste,Zona urbana,Entre 26 e 35 anos,Feminino,Parda,De 1 a 2 salários mínimos,Pós-graduação completa,Raramente,Consumidor ocasional,"Consumidor ocasional, sem conhecimento técnico","Vinho branco seco, Vinho espumante, Vinho suave",Supermercados,"Preço, Variedade, Recomendação (amigos, especialistas, avaliações), Promoções ou descontos","Qualidade sensorial (sabor, aroma, equilíbrio), Origem das uvas (região/procedência), Clareza e transparência das informações no rótulo, Preço",Extremamente importante,0.5,Baixa frequência,4,1,1,Potencial sustentável
6,2026-05-11 11:22:16.904,"Sim, aceito participar",Região Sul,Zona urbana,Entre 18 e 25 anos,Masculino,Branca,De 3 a 4 salários mínimos,Ensino superior incompleto,1 vez por mês,Consumidor ocasional,"Consumidor ocasional, sem conhecimento técnico",Não tenho preferência definida,"Supermercados, Lojas físicas especializadas, Lojas online especializadas, Diretamente em vinícolas, Restaurantes e bares","Preço, Vinícola / Produtor, Curiosidade ou interesse por novos produtos","Sustentabilidade ambiental (menor impacto no cultivo), Preço",Muito importante,1.0,Frequência moderada,3,1,1,Potencial sustentável
7,2026-05-11 11:28:00.171,"Sim, aceito participar",Região Sul,Zona urbana,Entre 26 e 35 anos,Feminino,Branca,De 1 a 2 salários mínimos,Pós-graduação completa,1 vez por semana,Profissional do setor,"Profissional da área de vinhos (ex.: sommelier, enólogo, atuação na indústria ou enoturismo)","Vinho tinto seco, Vinho branco seco, Vinho rosé, Vinho espumante","Supermercados, Lojas físicas especializadas, Diretamente em vinícolas","Preço, Região de origem, Variedade","Qualidade sensorial (sabor, aroma, equilíbrio), Sustentabilidade ambiental (menor impacto no cultivo), Origem das uvas (região/procedência), Clareza e transparência das informações no rótulo, Preço",Muito importante,4.3,Alta frequência,3,1,4,Alta prioridade
8,2026-05-11 11:28:42.467,"Sim, aceito participar",Região Sul,Zona urbana,Entre 36 e 45 anos,Masculino,Branca,De 3 a 4 salários mínimos,Pós-graduação completa,De 2 a 3 vezes por semana,Profissional do setor,"Profissional da área de vinhos (ex.: sommelier, enólogo, atuação na indústria ou enoturismo)","Vinho tinto seco, Vinho branco seco, Vinho rosé, Vinho espumante, Vinho licoroso e/ou fortificado","Supermercados, Lojas físicas especializadas, Restaurantes e bares","Preço, Região de origem, Vinícola / Produtor, Promoções ou descontos, Curiosidade ou interesse por novos produtos","Qualidade sensorial (sabor, aroma, equilíbrio), Sustentabilidade ambiental (menor impacto no cultivo), Origem das uvas (região/procedência), Clareza e transparência das informações no rótulo, Presença de certificações ou selos ambientais, Preço",Muito importante,10.8,Alta frequência,3,1,4,Alta prioridade
9,2026-05-11 11:33:27.445,"Sim, aceito participar",Região Sul,Zona urbana,Entre 18 e 25 anos,Feminino,Branca,De 3 a 4 salários mínimos,Pós-graduação incompleta,1 vez por semana,Apreciador interessado,"Apreciador, com interesse pelo tema","Vinho tinto seco, Vinho rosé, Vinho espumante","Supermercados, Lojas online especializadas, Diretamente em vinícolas","Preço, Região de origem, Variedade, Vinícola / Produtor, Recomendação (amigos, especialistas, avaliações), Descrição sensorial (aroma, sabor estilo)","Qualidade sensorial (sabor, aroma, equilíbrio), Origem das uvas (região/procedência), Presença de certificações ou selos ambientais",Muito importante,4.3,Alta frequência,3,1,2,Alta prioridade
10,2026-05-11 11:36:37.852,"Sim, aceito participar",Região Sul,Zona rural,Entre 26 e 35 anos,Feminino,Branca,De 1 a 2 salários mínimos,Ensino superior incompleto,Raramente,Consumidor ocasional,"Consumidor ocasional, sem conhecimento técnico","Vinho rosé, Vinho espumante, Vinho suave",Supermercados,"Preço, Variedade, Recomendação (amigos, especialistas, avaliações), Promoções ou descontos","Qualidade sensorial (sabor, aroma, equilíbrio), Sustentabilidade ambiental (menor impacto no cultivo), Origem das uvas (região/procedência), Clareza e transparência das informações no rótulo, Presença de certificações ou selos ambientais",Muito importante,0.5,Baixa frequência,3,1,1,Potencial sustentável
11,2026-05-11 11:39:41.076,"Sim, aceito participar",Região Sul,Zona urbana,Entre 18 e 25 anos,Feminino,Branca,De 1 a 2 salários mínimos,Ensino superior completo,Raramente,Consumidor ocasional,"Consumidor ocasional, sem conhecimento técnico",Não tenho preferência definida,"Supermercados, Restaurantes e bares","Recomendação (amigos, especialistas, avaliações), Curiosidade ou interesse por novos produtos","Qualidade sensorial (sabor, aroma, equilíbrio)",Moderadamente importante,0.5,Baixa frequência,2,0,1,Baixa prioridade
12,2026-05-11 11:41:48.083,"Sim, aceito participar",Região Sul,Zona urbana,Entre 26 e 35 anos,Feminino,Branca,De 1 a 2 salários mínimos,Ensino superior completo,Raramente,Apreciador técnico,"Apreciador, com conhecimentos técnicos","Vinho tinto seco, Vinho rosé, Vinho suave, Vinho demi-sec","Supermercados, Diretamente em vinícolas","Preço, Vinícola / Produtor, Recomendação (amigos, especialistas, avaliações), Descrição sensorial (aroma, sabor estilo)","Qualidade sensorial (sabor, aroma, equilíbrio), Clareza e transparência das informações no rótulo, Presença de certificações ou selos ambientais, Preço",Muito importante,0.5,Baixa frequência,3,1,3,Potencial sustentável
13,2026-05-11 11:47:12.064,"Sim, aceito participar",Região Sul,Zona urbana,Entre 36 e 45 anos,Feminino,Parda,De 1 a 2 salários mínimos,Ensino superior incompleto,Raramente,Consumidor ocasional,"Consumidor ocasional, sem conhecimento técnico",Vinho suave,Supermercados,"Descrição sensorial (aroma, sabor estilo)","Qualidade sensorial (sabor, aroma, equilíbrio)",Muito importante,0.5,Baixa frequência,3,1,1,Potencial sustentável
14,2026-05-11 12:10:50.712,"Sim, aceito participar",Região Sul,Zona urbana,Entre 26 e 35 anos,Feminino,Branca,De 3 a 4 salários mínimos,Ensino superior completo,1 vez a cada 15 dias,Apreciador interessado,"Apreciador, com interesse pelo tema","Vinho tinto seco, Vinho rosé, Vinho espumante","Supermercados, Diretamente em vinícolas, Restaurantes e bares","Preço, Região de origem, Vinícola / Produtor, Recomendação (amigos, especialistas, avaliações), Curiosidade ou interesse por novos produtos","Qualidade sensorial (sabor, aroma, equilíbrio), Presença de certificações ou selos ambientais, Preço",Extremamente importante,2.0,Frequência moderada,4,1,2,Potencial sustentável
15,2026-05-11 12:17:14.978,"Sim, aceito participar",Região Sul,Zona urbana,Entre 36 e 45 anos,Feminino,Branca,De 3 a 4 salários mínimos,Pós-graduação completa,1 vez por semana,Consumidor ocasional,"Consumidor ocasional, sem conhecimento técnico",Vinho suave,Supermercados,Preço,"Qualidade sensorial (sabor, aroma, equilíbrio)",Muito importante,4.3,Alta frequência,3,1,1,Alta prioridade
16,2026-05-11 12:25:47.173,"Sim, aceito participar",Região Sul,Zona urbana,Entre 46 e 55 anos,Feminino,Branca,De 5 a 6 salários mínimos,Pós-graduação completa,1 vez por mês,Consumidor ocasional,"Consumidor ocasional, sem conhecimento técnico","Vinho tinto seco, Vinho branco seco, Vinho rosé, Vinho espumante","Supermercados, Lojas físicas especializadas, Lojas online especializadas","Preço, Região de origem, Variedade, Vinícola / Produtor, Recomendação (amigos, especialistas, avaliações), Descrição sensorial (aroma, sabor estilo), Design e informação do rótulo, Práticas sustentáveis e/ou impacto ambiental, Promoções ou descontos, Curiosidade ou interesse por novos produtos","Qualidade sensorial (sabor, aroma, equilíbrio), Sustentabilidade ambiental (menor impacto no cultivo), Origem das uvas (região/procedência), Clareza e transparência das informações no rótulo, Presença de certificações ou selos ambientais, Preço, Grau de inovação do produto",Extremamente importante,1.0,Frequência moderada,4,1,1,Potencial sustentável
17,2026-05-11 12:39:23.755,"Sim, aceito participar",Região Sul,Zona urbana,Entre 26 e 35 anos,Feminino,Branca,De 1 a 2 salários mínimos,Pós-graduação completa,De 2 a 3 vezes por semana,Apreciador interessado,"Apreciador, com interesse pelo tema","Vinho tinto seco, Vinho branco seco, Vinho rosé, Vinho espumante","Supermercados, Lojas online especializadas","Preço, Região de origem, Recomendação (amigos, especialistas, avaliações), Design e informação do rótulo, Curiosidade ou interesse por novos produtos","Qualidade sensorial (sabor, aroma, equilíbrio), Sustentabilidade ambiental (menor impacto no cultivo), Origem das uvas (região/procedência), Clareza e transparência das informações no rótulo, Presença de certificações ou selos ambientais, Preço",Extremamente importante,10.8,Alta frequência,4,1,2,Alta prioridade
18,2026-05-11 12:41:57.768,"Sim, aceito participar",Região Sul,Zona urbana,Entre 18 e 25 anos,Feminino,Branca,De 1 a 2 salários mínimos,Pós-graduação incompleta,1 vez por mês,Consumidor ocasional,"Consumidor ocasional, sem conhecimento técnico",Vinho suave,Supermercados,"Preço, Design e informação do rótulo, Promoções ou descontos, Curiosidade ou interesse por novos produtos","Qualidade sensorial (sabor, aroma, equilíbrio), Preço",Extremamente importante,1.0,Frequência moderada,4,1,1,Potencial sustentável
19,2026-05-11 12:44:16.602,"Sim, aceito participar",Região Sul,Zona urbana,Acima de 55 anos,Masculino,Branca,Acima de 6 salários mínimos,Ensino superior completo,1 vez por mês,Consumidor ocasional,"Consumidor ocasional, sem conhecimento técnico",Vinho suave,Supermercados,"Recomendação (amigos, especialistas, avaliações)","Qualidade sensorial (sabor, aroma, equilíbrio)",Muito importante,1.0,Frequência moderada,3,1,1,Potencial sustentável
20,2026-05-11 12:53:53.186,"Sim, aceito participar",Região Sul,Zona urbana,Entre 46 e 55 anos,Masculino,Branca,De 5 a 6 salários mínimos,Pós-graduação completa,1 vez por mês,Apreciador interessado,"Apreciador, com interesse pelo tema","Vinho tinto seco, Vinho branco seco, Vinho rosé, Vinho espumante, Vinho demi-sec","Supermercados, Lojas online especializadas","Preço, Vinícola / Produtor, Descrição sensorial (aroma, sabor estilo), Design e informação do rótulo, Práticas sustentáveis e/ou impacto ambiental, Promoções ou descontos, Curiosidade ou interesse por novos produtos","Sustentabilidade ambiental (menor impacto no cultivo), Origem das uvas (região/procedência), Clareza e transparência das informações no rótulo, Presença de certificações ou selos ambientais, Preço",Extremamente importante,1.0,Frequência moderada,4,1,2,Potencial sustentável
21,2026-05-11 12:55:44.904,"Sim, aceito participar",Região Norte,Zona urbana,Entre 26 e 35 anos,Masculino,Parda,De 5 a 6 salários mínimos,Pós-graduação completa,1 vez por semana,Apreciador técnico,"Apreciador, com conhecimentos técnicos",Vinho tinto seco,Supermercados,"Descrição sensorial (aroma, sabor estilo)","Qualidade sensorial (sabor, aroma, equilíbrio), Sustentabilidade ambiental (menor impacto no cultivo)",Muito importante,4.3,Alta frequência,3,1,3,Alta prioridade
22,2026-05-11 13:20:46.380,"Sim, aceito participar",Região Sul,Zona urbana,Entre 26 e 35 anos,Feminino,Branca,De 1 a 2 salários mínimos,Pós-graduação incompleta,De 2 a 3 vezes por semana,Apreciador técnico,"Apreciador, com conhecimentos técnicos","Vinho tinto seco, Vinho branco seco, Vinho rosé, Vinho espumante, Vinho licoroso e/ou fortificado","Supermercados, Lojas online especializadas, Diretamente em vinícolas, Produtores locais","Preço, Região de origem, Variedade, Vinícola / Produtor, Curiosidade ou interesse por novos produtos","Qualidade sensorial (sabor, aroma, equilíbrio), Origem das uvas (região/procedência), Preço, Grau de inovação do produto",Moderadamente importante,10.8,Alta frequência,2,0,3,Consumidor frequente tradicional
23,2026-05-11 13:29:00.603,"Sim, aceito participar",Região Sul,Zona urbana,Entre 36 e 45 anos,Masculino,Branca,De 1 a 2 salários mínimos,Pós-graduação incompleta,1 vez por mês,Apreciador interessado,"Apreciador, com interesse pelo tema","Vinho tinto seco, Vinho espumante",Supermercados,"Variedade, Vinícola / Produtor, Recomendação (amigos, especialistas, avaliações), Descrição sensorial (aroma, sabor estilo)","Qualidade sensorial (sabor, aroma, equilíbrio), Clareza e transparência das informações no rótulo, Presença de certificações ou selos ambientais",Extremamente importante,1.0,Frequência moderada,4,1,2,Potencial sustentável
24,2026-05-11 13:51:17.264,"Sim, aceito participar",Região Sul,Zona urbana,Entre 26 e 35 anos,Feminino,Branca,De 1 a 2 salários mínimos,Pós-graduação incompleta,1 vez por mês,Apreciador interessado,"Apreciador, com interesse pelo tema","Vinho tinto seco, Vinho branco seco, Vinho rosé, Vinho espumante, Vinho demi-sec",Supermercados,"Preço, Região de origem, Variedade, Recomendação (amigos, especialistas, avaliações)","Sustentabilidade ambiental (menor impacto no cultivo), Origem das uvas (região/procedência)",Muito importante,1.0,Frequência moderada,3,1,2,Potencial sustentável
25,2026-05-11 14:26:33.950,"Sim, aceito participar",Região Sudeste,Zona urbana,Entre 36 e 45 anos,Feminino,Branca,Acima de 6 salários mínimos,Pós-graduação completa,1 vez por semana,Consumidor ocasional,"Consumidor ocasional, sem conhecimento técnico","Vinho tinto seco, Vinho branco seco, Vinho rosé","Supermercados, Lojas físicas especializadas, Lojas online especializadas",Preço,"Qualidade sensorial (sabor, aroma, equilíbrio), Origem das uvas (região/procedência), Clareza e transparência das informações no rótulo, Presença de certificações ou selos ambientais, Grau de inovação do produto",Moderadamente importante,4.3,Alta frequência,2,0,1,Consumidor frequente tradicional
26,2026-05-11 14:36:52.056,"Sim, aceito participar",Região Sul,Zona urbana,Entre 36 e 45 anos,Feminino,Branca,Acima de 6 salários mínimos,Pós-graduação completa,1 vez por semana,Profissional do setor,"Profissional da área de vinhos (ex.: sommelier, enólogo, atuação na indústria ou enoturismo)","Vinho tinto seco, Vinho branco seco, Vinho rosé, Vinho espumante, Vinho licoroso e/ou fortificado","Supermercados, Lojas físicas especializadas, Lojas online especializadas, Diretamente em vinícolas, Restaurantes e bares","Preço, Região de origem, Variedade, Curiosidade ou interesse por novos produtos","Sustentabilidade ambiental (menor impacto no cultivo), Clareza e transparência das informações no rótulo, Presença de certificações ou selos ambientais",Muito importante,4.3,Alta frequência,3,1,4,Alta prioridade
27,2026-05-11 14:36:57.383,"Sim, aceito participar",Região Sudeste,Zona urbana,Entre 26 e 35 anos,Feminino,Parda,De 1 a 2 salários mínimos,Pós-graduação incompleta,1 vez por semana,Apreciador interessado,"Apreciador, com interesse pelo tema","Vinho tinto seco, Vinho branco seco, Vinho rosé","Supermercados, Restaurantes e bares","Preço, Variedade, Práticas sustentáveis e/ou impacto ambiental, Promoções ou descontos","Qualidade sensorial (sabor, aroma, equilíbrio), Sustentabilidade ambiental (menor impacto no cultivo), Clareza e transparência das informações no rótulo, Presença de certificações ou selos ambientais, Preço",Extremamente importante,4.3,Alta frequência,4,1,2,Alta prioridade
28,2026-05-11 14:43:37.390,"Sim, aceito participar",Região Sudeste,Zona urbana,Entre 26 e 35 anos,Feminino,Branca,De 3 a 4 salários mínimos,Pós-graduação completa,1 vez a cada 15 dias,Consumidor ocasional,"Consumidor ocasional, sem conhecimento técnico","Vinho tinto seco, Vinho espumante, Vinho demi-sec","Supermercados, Lojas físicas especializadas","Preço, Região de origem, Recomendação (amigos, especialistas, avaliações), Promoções ou descontos","Sustentabilidade ambiental (menor impacto no cultivo), Origem das uvas (região/procedência), Clareza e transparência das informações no rótulo, Presença de certificações ou selos ambientais, Preço",Extremamente importante,2.0,Frequência moderada,4,1,1,Potencial sustentável
29,2026-05-11 14:44:06.002,"Sim, aceito participar",Região Sudeste,Zona urbana,Entre 36 e 45 anos,Feminino,Branca,Acima de 6 salários mínimos,Ensino superior completo,1 vez por semana,Apreciador interessado,"Apreciador, com interesse pelo tema","Vinho tinto seco, Vinho rosé, Vinho demi-sec",Lojas físicas especializadas,Vinícola / Produtor,"Qualidade sensorial (sabor, aroma, equilíbrio), Origem das uvas (região/procedência), Clareza e transparência das informações no rótulo",Extremamente importante,4.3,Alta frequência,4,1,2,Alta prioridade
30,2026-05-11 14:45:47.986,"Sim, aceito participar",Região Sul,Zona rural,Entre 26 e 35 anos,Feminino,Branca,De 5 a 6 salários mínimos,Pós-graduação completa,1 vez a cada 15 dias,Consumidor ocasional,"Consumidor ocasional, sem conhecimento técnico","Vinho tinto seco, Vinho branco seco, Vinho espumante","Lojas físicas especializadas, Lojas online especializadas","Região de origem, Variedade, Recomendação (amigos, especialistas, avaliações), Descrição sensorial (aroma, sabor estilo)","Qualidade sensorial (sabor, aroma, equilíbrio), Origem das uvas (região/procedência), Presença de certificações ou selos ambientais, Preço",Moderadamente importante,2.0,Frequência moderada,2,0,1,Baixa prioridade
31,2026-05-11 14:47:40.604,"Sim, aceito participar",Região Sul,Zona urbana,Entre 36 e 45 anos,Masculino,Branca,De 3 a 4 salários mínimos,Pós-graduação completa,De 4 a 6 vezes por semana,Profissional do setor,"Profissional da área de vinhos (ex.: sommelier, enólogo, atuação na indústria ou enoturismo)","Vinho tinto seco, Vinho rosé, Vinho espumante, Vinho licoroso e/ou fortificado","Supermercados, Diretamente em vinícolas","Preço, Região de origem, Variedade, Vinícola / Produtor, Design e informação do rótulo, Promoções ou descontos, Curiosidade ou interesse por novos produtos","Qualidade sensorial (sabor, aroma, equilíbrio), Presença de certificações ou selos ambientais, Preço",Extremamente importante,21.5,Alta frequência,4,1,4,Alta prioridade
32,2026-05-11 14:51:15.133,"Sim, aceito participar",Região Sudeste,Zona urbana,Entre 26 e 35 anos,Feminino,Parda,De 3 a 4 salários mínimos,Pós-graduação incompleta,Raramente,Consumidor ocasional,"Consumidor ocasional, sem conhecimento técnico",Vinho branco seco,"Diretamente em vinícolas, Restaurantes e bares","Variedade, shardonay","Origem das uvas (região/procedência), Clareza e transparência das informações no rótulo",Pouco importante,0.5,Baixa frequência,1,0,1,Baixa prioridade
33,2026-05-11 15:10:03.328,"Sim, aceito participar",Região Sul,Zona urbana,Entre 26 e 35 anos,Feminino,Branca,De 1 a 2 salários mínimos,Pós-graduação completa,1 vez por mês,Apreciador interessado,"Apreciador, com interesse pelo tema","Vinho tinto seco, Vinho branco seco, Vinho espumante","Supermercados, Lojas físicas especializadas, Lojas online especializadas","Preço, Variedade, Recomendação (amigos, especialistas, avaliações), Design e informação do rótulo, Promoções ou descontos, Curiosidade ou interesse por novos produtos","Qualidade sensorial (sabor, aroma, equilíbrio), Clareza e transparência das informações no rótulo, Preço",Muito importante,1.0,Frequência moderada,3,1,2,Potencial sustentável
34,2026-05-11 15:38:02.765,"Sim, aceito participar",Região Sul,Zona urbana,Entre 46 e 55 anos,Feminino,Branca,De 5 a 6 salários mínimos,Ensino superior completo,De 2 a 3 vezes por semana,Apreciador interessado,"Apreciador, com interesse pelo tema",Vinho tinto seco,Lojas físicas especializadas,"Descrição sensorial (aroma, sabor estilo)","Qualidade sensorial (sabor, aroma, equilíbrio)",Muito importante,10.8,Alta frequência,3,1,2,Alta prioridade
35,2026-05-11 15:41:34.561,"Sim, aceito participar",Região Sul,Zona urbana,Entre 36 e 45 anos,Feminino,Branca,De 3 a 4 salários mínimos,Pós-graduação completa,1 vez a cada 15 dias,Apreciador técnico,"Apreciador, com conhecimentos técnicos","Vinho tinto seco, Vinho branco seco, Vinho rosé, Vinho espumante","Supermercados, Lojas físicas especializadas, Lojas online especializadas, Diretamente em vinícolas","Preço, Região de origem, Variedade, Vinícola / Produtor, Recomendação (amigos, especialistas, avaliações), Descrição sensorial (aroma, sabor estilo), Promoções ou descontos, Curiosidade ou interesse por novos produtos","Qualidade sensorial (sabor, aroma, equilíbrio), Clareza e transparência das informações no rótulo, Presença de certificações ou selos ambientais, Preço, Grau de inovação do produto",Muito importante,2.0,Frequência moderada,3,1,3,Potencial sustentável
36,2026-05-11 15:43:07.370,"Sim, aceito participar",Região Sul,Zona urbana,Acima de 55 anos,Masculino,Branca,Acima de 6 salários mínimos,Pós-graduação completa,De 2 a 3 vezes por semana,Apreciador interessado,"Apreciador, com interesse pelo tema",Vinho tinto seco,"Supermercados, Lojas físicas especializadas, Lojas online especializadas, Diretamente em vinícolas","Preço, Variedade, Vinícola / Produtor, Recomendação (amigos, especialistas, avaliações), Design e informação do rótulo, Práticas sustentáveis e/ou impacto ambiental, Promoções ou descontos, Curiosidade ou interesse por novos produtos","Qualidade sensorial (sabor, aroma, equilíbrio), Sustentabilidade ambiental (menor impacto no cultivo), Preço",Muito importante,10.8,Alta frequência,3,1,2,Alta prioridade
37,2026-05-11 16:55:09.085,"Sim, aceito participar",Região Centro-Oeste,Zona urbana,Entre 26 e 35 anos,Feminino,Parda,De 1 a 2 salários mínimos,Ensino superior incompleto,1 vez por mês,Consumidor ocasional,"Consumidor ocasional, sem conhecimento técnico","Vinho tinto seco, Vinho rosé, Vinho suave",Supermercados,"Preço, Região de origem, Vinícola / Produtor","Qualidade sensorial (sabor, aroma, equilíbrio), Origem das uvas (região/procedência)",Muito importante,1.0,Frequência moderada,3,1,1,Potencial sustentável
38,2026-05-11 17:37:54.210,"Sim, aceito participar",Região Nordeste,Zona urbana,Entre 26 e 35 anos,Feminino,Parda,De 3 a 4 salários mínimos,Pós-graduação incompleta,Raramente,Consumidor ocasional,"Consumidor ocasional, sem conhecimento técnico",Vinho tinto seco,Supermercados,"Preço, Promoções ou descontos, Curiosidade ou interesse por novos produtos","Qualidade sensorial (sabor, aroma, equilíbrio), Sustentabilidade ambiental (menor impacto no cultivo), Origem das uvas (região/procedência), Clareza e transparência das informações no rótulo, Preço",Extremamente importante,0.5,Baixa frequência,4,1,1,Potencial sustentável
39,2026-05-11 18:52:21.173,"Sim, aceito participar",Região Sul,Zona urbana,Entre 26 e 35 anos,Feminino,Branca,De 3 a 4 salários mínimos,Pós-graduação completa,Raramente,Consumidor ocasional,"Consumidor ocasional, sem conhecimento técnico","Vinho espumante, Vinho suave, Vinho licoroso e/ou fortificado",Supermercados,"Preço, Recomendação (amigos, especialistas, avaliações)","Qualidade sensorial (sabor, aroma, equilíbrio), Clareza e transparência das informações no rótulo",Muito importante,0.5,Baixa frequência,3,1,1,Potencial sustentável
40,2026-05-11 18:59:03.060,"Sim, aceito participar",Região Sudeste,Zona urbana,Entre 36 e 45 anos,Masculino,Branca,De 3 a 4 salários mínimos,Pós-graduação completa,Raramente,Consumidor ocasional,"Consumidor ocasional, sem conhecimento técnico","Vinho tinto seco, Vinho branco seco, Vinho rosé, Vinho espumante","Supermercados, Restaurantes e bares",Região de origem,"Qualidade sensorial (sabor, aroma, equilíbrio), Sustentabilidade ambiental (menor impacto no cultivo), Presença de certificações ou selos ambientais, Preço",Extremamente importante,0.5,Baixa frequência,4,1,1,Potencial sustentável
41,2026-05-11 20:13:57.634,"Sim, aceito participar",Região Sul,Zona urbana,Entre 46 e 55 anos,Feminino,Branca,De 1 a 2 salários mínimos,Ensino médio completo,1 vez por mês,Consumidor ocasional,"Consumidor ocasional, sem conhecimento técnico",Vinho espumante,Supermercados,Vinícola / Produtor,Sustentabilidade ambiental (menor impacto no cultivo),Muito importante,1.0,Frequência moderada,3,1,1,Potencial sustentável
42,2026-05-11 20:35:56.562,"Sim, aceito participar",Região Nordeste,Zona urbana,Entre 26 e 35 anos,Feminino,Branca,De 1 a 2 salários mínimos,Pós-graduação incompleta,1 vez por mês,Apreciador interessado,"Apreciador, com interesse pelo tema","Vinho branco seco, Vinho suave",Supermercados,"Variedade, Descrição sensorial (aroma, sabor estilo), Design e informação do rótulo, Práticas sustentáveis e/ou impacto ambiental, Curiosidade ou interesse por novos produtos","Qualidade sensorial (sabor, aroma, equilíbrio), Sustentabilidade ambiental (menor impacto no cultivo), Clareza e transparência das informações no rótulo, Presença de certificações ou selos ambientais, Grau de inovação do produto",Extremamente importante,1.0,Frequência moderada,4,1,2,Potencial sustentável
43,2026-05-11 22:01:44.304,"Sim, aceito participar",Região Sul,Zona urbana,Entre 36 e 45 anos,Feminino,Branca,Acima de 6 salários mínimos,Pós-graduação completa,De 4 a 6 vezes por semana,Profissional do setor,"Profissional da área de vinhos (ex.: sommelier, enólogo, atuação na indústria ou enoturismo)","Vinho tinto seco, Vinho branco seco, Vinho espumante","Supermercados, Lojas físicas especializadas, Lojas online especializadas","Preço, Região de origem, Recomendação (amigos, especialistas, avaliações), Descrição sensorial (aroma, sabor estilo), Curiosidade ou interesse por novos produtos","Qualidade sensorial (sabor, aroma, equilíbrio), Sustentabilidade ambiental (menor impacto no cultivo), Grau de inovação do produto",Muito importante,21.5,Alta frequência,3,1,4,Alta prioridade
44,2026-05-11 22:11:07.619,"Sim, aceito participar",Região Sul,Zona urbana,Entre 36 e 45 anos,Masculino,Parda,Acima de 6 salários mínimos,Pós-graduação completa,1 vez por semana,Apreciador técnico,"Apreciador, com conhecimentos técnicos","Vinho tinto seco, Vinho branco seco, Vinho espumante","Supermercados, Lojas físicas especializadas, Diretamente em vinícolas","Região de origem, Variedade, Vinícola / Produtor","Qualidade sensorial (sabor, aroma, equilíbrio), Sustentabilidade ambiental (menor impacto no cultivo), Origem das uvas (região/procedência)",Moderadamente importante,4.3,Alta frequência,2,0,3,Consumidor frequente tradicional
45,2026-05-11 22:15:42.171,"Sim, aceito participar",Região Sudeste,Zona urbana,Entre 36 e 45 anos,Masculino,Branca,Acima de 6 salários mínimos,Pós-graduação completa,De 2 a 3 vezes por semana,Profissional do setor,"Profissional da área de vinhos (ex.: sommelier, enólogo, atuação na indústria ou enoturismo)","Vinho tinto seco, Vinho branco seco, Vinho rosé, Vinho espumante, Vinho demi-sec, Vinho licoroso e/ou fortificado","Lojas físicas especializadas, Lojas online especializadas, Diretamente em vinícolas","Preço, Região de origem, Variedade, Vinícola / Produtor, Recomendação (amigos, especialistas, avaliações)","Qualidade sensorial (sabor, aroma, equilíbrio), Sustentabilidade ambiental (menor impacto no cultivo), Origem das uvas (região/procedência)",Moderadamente importante,10.8,Alta frequência,2,0,4,Consumidor frequente tradicional
46,2026-05-11 22:31:26.270,"Sim, aceito participar",Região Sul,Zona urbana,Entre 46 e 55 anos,Masculino,Branca,Acima de 6 salários mínimos,Pós-graduação completa,1 vez por mês,Apreciador interessado,"Consumidor ocasional, com algum conhecimento","Vinho tinto seco, Vinho rosé, Vinho espumante","Supermercados, Lojas online especializadas","Preço, Região de origem, Variedade, Recomendação (amigos, especialistas, avaliações), Promoções ou descontos","Qualidade sensorial (sabor, aroma, equilíbrio), Origem das uvas (região/procedência), Preço",Extremamente importante,1.0,Frequência moderada,4,1,2,Potencial sustentável
47,2026-05-11 23:39:34.048,"Sim, aceito participar",Região Sul,Zona urbana,Entre 46 e 55 anos,Feminino,Branca,Acima de 6 salários mínimos,Pós-graduação completa,1 vez por semana,Apreciador interessado,"Apreciador, com interesse pelo tema","Vinho tinto seco, Vinho branco seco, Vinho rosé, Vinho espumante",Supermercados,"Região de origem, Recomendação (amigos, especialistas, avaliações), Promoções ou descontos, Curiosidade ou interesse por novos produtos","Qualidade sensorial (sabor, aroma, equilíbrio), Origem das uvas (região/procedência), Preço",Moderadamente importante,4.3,Alta frequência,2,0,2,Consumidor frequente tradicional
48,2026-05-12 05:57:23.522,"Sim, aceito participar",Região Sul,Zona urbana,Entre 46 e 55 anos,Feminino,Branca,Acima de 6 salários mínimos,Pós-graduação completa,1 vez por semana,Profissional do setor,"Professora de Restaurante, maitre","Vinho tinto seco, Vinho branco seco, Vinho rosé, Vinho espumante, Vinho licoroso e/ou fortificado","Supermercados, Lojas físicas especializadas, Diretamente em vinícolas, Restaurantes e bares","Preço, Região de origem, Variedade, Vinícola / Produtor, Promoções ou descontos","Qualidade sensorial (sabor, aroma, equilíbrio), Sustentabilidade ambiental (menor impacto no cultivo), Clareza e transparência das informações no rótulo",Extremamente importante,4.3,Alta frequência,4,1,4,Alta prioridade
49,2026-05-12 07:59:23.759,"Sim, aceito participar",Região Sul,Zona urbana,Entre 36 e 45 anos,Feminino,Branca,Acima de 6 salários mínimos,Pós-graduação completa,De 2 a 3 vezes por semana,Profissional do setor,"Profissional da área de vinhos (ex.: sommelier, enólogo, atuação na indústria ou enoturismo)","Vinho tinto seco, Vinho branco seco, Vinho rosé, Vinho espumante","Supermercados, Lojas físicas especializadas, Diretamente em vinícolas, Restaurantes e bares","Preço, Região de origem, Variedade, Vinícola / Produtor, Descrição sensorial (aroma, sabor estilo), Design e informação do rótulo, Promoções ou descontos, Curiosidade ou interesse por novos produtos","Qualidade sensorial (sabor, aroma, equilíbrio), Sustentabilidade ambiental (menor impacto no cultivo), Origem das uvas (região/procedência), Clareza e transparência das informações no rótulo, Preço",Extremamente importante,10.8,Alta frequência,4,1,4,Alta prioridade
50,2026-05-12 08:51:55.819,"Sim, aceito participar",Região Sul,Zona urbana,Entre 18 e 25 anos,Feminino,Branca,De 3 a 4 salários mínimos,Pós-graduação completa,1 vez por mês,Consumidor ocasional,"Consumidor ocasional, sem conhecimento técnico","Vinho rosé, Vinho espumante, Vinho suave",Supermercados,"Preço, Vinícola / Produtor, Descrição sensorial (aroma, sabor estilo)","Qualidade sensorial (sabor, aroma, equilíbrio), Origem das uvas (região/procedência), Clareza e transparência das informações no rótulo",Muito importante,1.0,Frequência moderada,3,1,1,Potencial sustentável
51,2026-05-12 09:09:28.635,"Sim, aceito participar",Região Sul,Zona urbana,Entre 18 e 25 anos,Feminino,Branca,De 1 a 2 salários mínimos,Pós-graduação incompleta,Raramente,Consumidor ocasional,"Consumidor ocasional, sem conhecimento técnico","Vinho rosé, Vinho suave",Supermercados,"Preço, Variedade, Recomendação (amigos, especialistas, avaliações), Promoções ou descontos, Curiosidade ou interesse por novos produtos","Qualidade sensorial (sabor, aroma, equilíbrio), Sustentabilidade ambiental (menor impacto no cultivo), Clareza e transparência das informações no rótulo, Presença de certificações ou selos ambientais",Muito importante,0.5,Baixa frequência,3,1,1,Potencial sustentável
52,2026-05-12 10:48:11.314,"Sim, aceito participar",Região Sul,Zona urbana,Entre 26 e 35 anos,Feminino,Parda,De 3 a 4 salários mínimos,Ensino superior completo,1 vez por semana,Apreciador interessado,"Apreciador, com interesse pelo tema","Vinho tinto seco, Vinho branco seco, Vinho espumante, Vinho suave, Vinho demi-sec","Supermercados, Restaurantes e bares","Região de origem, Recomendação (amigos, especialistas, avaliações), Descrição sensorial (aroma, sabor estilo), Design e informação do rótulo, Curiosidade ou interesse por novos produtos","Qualidade sensorial (sabor, aroma, equilíbrio), Sustentabilidade ambiental (menor impacto no cultivo), Clareza e transparência das informações no rótulo, Preço, Grau de inovação do produto",Extremamente importante,4.3,Alta frequência,4,1,2,Alta prioridade
53,2026-05-12 10:50:53.519,"Sim, aceito participar",Região Norte,Zona urbana,Entre 46 e 55 anos,Feminino,Parda,De 5 a 6 salários mínimos,Pós-graduação completa,1 vez por mês,Consumidor ocasional,"Consumidor ocasional, sem conhecimento técnico",Vinho suave,Lojas físicas especializadas,"Recomendação (amigos, especialistas, avaliações)","Qualidade sensorial (sabor, aroma, equilíbrio)",Extremamente importante,1.0,Frequência moderada,4,1,1,Potencial sustentável
54,2026-05-12 11:01:47.615,"Sim, aceito participar",Região Sul,Zona rural,Entre 26 e 35 anos,Feminino,Branca,De 5 a 6 salários mínimos,Pós-graduação completa,Raramente,Consumidor ocasional,"Consumidor ocasional, sem conhecimento técnico","Vinho rosé, Vinho suave","Supermercados, Lojas físicas especializadas","Preço, Região de origem, Variedade, Descrição sensorial (aroma, sabor estilo), Curiosidade ou interesse por novos produtos","Qualidade sensorial (sabor, aroma, equilíbrio), Clareza e transparência das informações no rótulo, Presença de certificações ou selos ambientais, Preço",Muito importante,0.5,Baixa frequência,3,1,1,Potencial sustentável
55,2026-05-12 11:15:52.810,"Sim, aceito participar",Região Sudeste,Zona urbana,Entre 36 e 45 anos,Feminino,Branca,De 3 a 4 salários mínimos,Pós-graduação completa,1 vez a cada 15 dias,Consumidor ocasional,"Consumidor ocasional, sem conhecimento técnico","Vinho tinto seco, Vinho espumante, Vinho demi-sec","Supermercados, Restaurantes e bares","Preço, Variedade, Promoções ou descontos","Qualidade sensorial (sabor, aroma, equilíbrio), Presença de certificações ou selos ambientais, Preço",Muito importante,2.0,Frequência moderada,3,1,1,Potencial sustentável
56,2026-05-12 11:24:48.843,"Sim, aceito participar",Região Sul,Zona urbana,Entre 36 e 45 anos,Feminino,Branca,Acima de 6 salários mínimos,Pós-graduação completa,1 vez por mês,Consumidor ocasional,"Consumidor ocasional, sem conhecimento técnico","Vinho branco seco, Vinho rosé, Vinho espumante","Supermercados, Diretamente em vinícolas","Recomendação (amigos, especialistas, avaliações), Descrição sensorial (aroma, sabor estilo), Curiosidade ou interesse por novos produtos","Qualidade sensorial (sabor, aroma, equilíbrio), Sustentabilidade ambiental (menor impacto no cultivo)",Moderadamente importante,1.0,Frequência moderada,2,0,1,Baixa prioridade
57,2026-05-12 11:44:47.826,"Sim, aceito participar",Região Sul,Zona urbana,Entre 26 e 35 anos,Feminino,Branca,De 3 a 4 salários mínimos,Pós-graduação completa,De 2 a 3 vezes por semana,Profissional do setor,"Profissional da área de vinhos (ex.: sommelier, enólogo, atuação na indústria ou enoturismo)","Vinho tinto seco, Vinho branco seco, Vinho espumante","Supermercados, Lojas físicas especializadas","Preço, Região de origem, Variedade, Vinícola / Produtor, Promoções ou descontos","Qualidade sensorial (sabor, aroma, equilíbrio), Sustentabilidade ambiental (menor impacto no cultivo)",Extremamente importante,10.8,Alta frequência,4,1,4,Alta prioridade
58,2026-05-12 11:48:09.533,"Sim, aceito participar",Região Sul,Zona urbana,Entre 26 e 35 anos,Masculino,Branca,Menos de 1 salário mínimo,Ensino superior completo,De 2 a 3 vezes por semana,Profissional do setor,"Profissional da área de vinhos (ex.: sommelier, enólogo, atuação na indústria ou enoturismo)",Não tenho preferência definida,"Supermercados, Lojas físicas especializadas, Diretamente em vinícolas","Preço, Região de origem, Variedade, Vinícola / Produtor, Recomendação (amigos, especialistas, avaliações), Práticas sustentáveis e/ou impacto ambiental, Promoções ou descontos, Curiosidade ou interesse por novos produtos","Qualidade sensorial (sabor, aroma, equilíbrio), Sustentabilidade ambiental (menor impacto no cultivo), Clareza e transparência das informações no rótulo, Preço",Moderadamente importante,10.8,Alta frequência,2,0,4,Consumidor frequente tradicional
59,2026-05-12 11:48:14.629,"Sim, aceito participar",Região Sul,Zona urbana,Entre 26 e 35 anos,Masculino,Branca,De 3 a 4 salários mínimos,Ensino superior completo,Raramente,Consumidor ocasional,"Consumidor ocasional, sem conhecimento técnico","Vinho tinto seco, Vinho branco seco, Vinho rosé, Vinho espumante, Vinho demi-sec",Supermercados,"Preço, Vinícola / Produtor, Recomendação (amigos, especialistas, avaliações), Promoções ou descontos, Curiosidade ou interesse por novos produtos","Qualidade sensorial (sabor, aroma, equilíbrio), Preço, Grau de inovação do produto",Pouco importante,0.5,Baixa frequência,1,0,1,Baixa prioridade
60,2026-05-12 11:49:16.468,"Sim, aceito participar",Região Sul,Zona urbana,Entre 26 e 35 anos,Feminino,Parda,De 3 a 4 salários mínimos,Pós-graduação completa,1 vez a cada 15 dias,Apreciador técnico,"Apreciador, com conhecimentos técnicos","Vinho tinto seco, Vinho branco seco, Vinho rosé, Vinho espumante, Vinho demi-sec","Supermercados, Lojas físicas especializadas, Lojas online especializadas, Diretamente em vinícolas","Preço, Região de origem, Variedade, Vinícola / Produtor, Recomendação (amigos, especialistas, avaliações), Descrição sensorial (aroma, sabor estilo), Promoções ou descontos, Curiosidade ou interesse por novos produtos","Qualidade sensorial (sabor, aroma, equilíbrio), Sustentabilidade ambiental (menor impacto no cultivo), Origem das uvas (região/procedência), Clareza e transparência das informações no rótulo, Presença de certificações ou selos ambientais",Muito importante,2.0,Frequência moderada,3,1,3,Potencial sustentável
61,2026-05-12 12:27:11.665,"Sim, aceito participar",Região Sul,Zona urbana,Entre 26 e 35 anos,Feminino,Branca,Acima de 6 salários mínimos,Pós-graduação completa,1 vez por semana,Apreciador interessado,"Apreciador, com interesse pelo tema","Vinho tinto seco, Vinho branco seco, Vinho rosé","Supermercados, Lojas físicas especializadas","Preço, Variedade, Recomendação (amigos, especialistas, avaliações), Descrição sensorial (aroma, sabor estilo), Curiosidade ou interesse por novos produtos","Qualidade sensorial (sabor, aroma, equilíbrio), Preço",Muito importante,4.3,Alta frequência,3,1,2,Alta prioridade
62,2026-05-12 12:45:45.927,"Sim, aceito participar",Região Sudeste,Zona urbana,Entre 36 e 45 anos,Masculino,Preta,Acima de 6 salários mínimos,Pós-graduação completa,De 2 a 3 vezes por semana,Apreciador técnico,"Apreciador, com conhecimentos técnicos","Vinho tinto seco, Vinho branco seco, Vinho rosé","Supermercados, Lojas físicas especializadas, Lojas online especializadas, Diretamente em vinícolas","Preço, Variedade, Recomendação (amigos, especialistas, avaliações), Descrição sensorial (aroma, sabor estilo), Design e informação do rótulo","Qualidade sensorial (sabor, aroma, equilíbrio), Sustentabilidade ambiental (menor impacto no cultivo), Clareza e transparência das informações no rótulo, Presença de certificações ou selos ambientais",Muito importante,10.8,Alta frequência,3,1,3,Alta prioridade
63,2026-05-12 12:47:21.796,"Sim, aceito participar",Região Sudeste,Zona urbana,Entre 36 e 45 anos,Feminino,Branca,Acima de 6 salários mínimos,Pós-graduação incompleta,1 vez por semana,Apreciador técnico,"Apreciador, com conhecimentos técnicos","Vinho tinto seco, Vinho branco seco, Vinho rosé, Vinho espumante","Supermercados, Lojas físicas especializadas, Lojas online especializadas","Preço, Região de origem, Variedade, Vinícola / Produtor, Descrição sensorial (aroma, sabor estilo), Curiosidade ou interesse por novos produtos","Qualidade sensorial (sabor, aroma, equilíbrio), Sustentabilidade ambiental (menor impacto no cultivo), Origem das uvas (região/procedência), Clareza e transparência das informações no rótulo, Presença de certificações ou selos ambientais, Grau de inovação do produto",Muito importante,4.3,Alta frequência,3,1,3,Alta prioridade
64,2026-05-12 12:55:59.043,"Sim, aceito participar",Região Sudeste,Zona urbana,Entre 18 e 25 anos,Feminino,Branca,Prefiro não responder,Pós-graduação incompleta,Raramente,Consumidor ocasional,"Consumidor ocasional, sem conhecimento técnico","Vinho rosé, Vinho espumante, Vinho suave","Supermercados, Lojas físicas especializadas, Restaurantes e bares","Preço, Variedade, Recomendação (amigos, especialistas, avaliações), Descrição sensorial (aroma, sabor estilo), Curiosidade ou interesse por novos produtos","Qualidade sensorial (sabor, aroma, equilíbrio), Sustentabilidade ambiental (menor impacto no cultivo), Clareza e transparência das informações no rótulo",Muito importante,0.5,Baixa frequência,3,1,1,Potencial sustentável
65,2026-05-12 13:08:18.912,"Sim, aceito participar",Região Sul,Zona urbana,Entre 36 e 45 anos,Masculino,Branca,Acima de 6 salários mínimos,Pós-graduação completa,De 4 a 6 vezes por semana,Profissional do setor,"Profissional da área de vinhos (ex.: sommelier, enólogo, atuação na indústria ou enoturismo)","Vinho tinto seco, Vinho branco seco, Vinho rosé, Vinho espumante","Supermercados, Lojas físicas especializadas, Lojas online especializadas","Preço, Variedade","Qualidade sensorial (sabor, aroma, equilíbrio), Preço",Muito importante,21.5,Alta frequência,3,1,4,Alta prioridade
66,2026-05-12 13:12:39.598,"Sim, aceito participar",Região Sul,Zona rural,Entre 18 e 25 anos,Feminino,Branca,De 1 a 2 salários mínimos,Ensino superior completo,De 2 a 3 vezes por semana,Profissional do setor,"Profissional da área de vinhos (ex.: sommelier, enólogo, atuação na indústria ou enoturismo)","Vinho tinto seco, Vinho branco seco, Vinho rosé, Vinho espumante",Diretamente em vinícolas,"Região de origem, Variedade, Vinícola / Produtor, Curiosidade ou interesse por novos produtos","Qualidade sensorial (sabor, aroma, equilíbrio), Origem das uvas (região/procedência), Grau de inovação do produto",Muito importante,10.8,Alta frequência,3,1,4,Alta prioridade
67,2026-05-12 13:23:17.363,"Sim, aceito participar",Região Sul,Zona urbana,Entre 26 e 35 anos,Masculino,Branca,De 3 a 4 salários mínimos,Pós-graduação incompleta,1 vez por mês,Apreciador interessado,"Apreciador, com interesse pelo tema","Vinho tinto seco, Vinho rosé",Supermercados,"Preço, Região de origem, Variedade, Vinícola / Produtor, Recomendação (amigos, especialistas, avaliações), Descrição sensorial (aroma, sabor estilo), Design e informação do rótulo, Práticas sustentáveis e/ou impacto ambiental, Promoções ou descontos, Curiosidade ou interesse por novos produtos","Qualidade sensorial (sabor, aroma, equilíbrio), Sustentabilidade ambiental (menor impacto no cultivo), Presença de certificações ou selos ambientais, Preço, Grau de inovação do produto",Extremamente importante,1.0,Frequência moderada,4,1,2,Potencial sustentável
68,2026-05-12 13:23:36.319,"Sim, aceito participar",Região Sul,Zona urbana,Entre 18 e 25 anos,Feminino,Branca,Prefiro não responder,Ensino médio completo,1 vez a cada 15 dias,Consumidor ocasional,"Consumidor ocasional, sem conhecimento técnico","Vinho rosé, Vinho suave",Supermercados,"Preço, Região de origem, Recomendação (amigos, especialistas, avaliações), Promoções ou descontos","Qualidade sensorial (sabor, aroma, equilíbrio), Clareza e transparência das informações no rótulo, Presença de certificações ou selos ambientais, Preço",Extremamente importante,2.0,Frequência moderada,4,1,1,Potencial sustentável
69,2026-05-12 13:26:09.632,"Sim, aceito participar",Região Sudeste,Zona urbana,Acima de 55 anos,Masculino,Preta,Acima de 6 salários mínimos,Pós-graduação completa,1 vez por semana,Apreciador interessado,"Apreciador, com interesse pelo tema",Vinho tinto seco,Supermercados,"Preço, Variedade, Recomendação (amigos, especialistas, avaliações), Descrição sensorial (aroma, sabor estilo), Design e informação do rótulo, Promoções ou descontos","Qualidade sensorial (sabor, aroma, equilíbrio), Clareza e transparência das informações no rótulo, Preço",Muito importante,4.3,Alta frequência,3,1,2,Alta prioridade
70,2026-05-12 13:27:58.050,"Sim, aceito participar",Região Sul,Zona urbana,Entre 36 e 45 anos,Masculino,Branca,De 3 a 4 salários mínimos,Ensino superior completo,1 vez a cada 15 dias,Apreciador técnico,"Apreciador, com conhecimentos técnicos",Vinho tinto seco,"Supermercados, Lojas online especializadas","Preço, Variedade, Descrição sensorial (aroma, sabor estilo), Promoções ou descontos","Qualidade sensorial (sabor, aroma, equilíbrio), Clareza e transparência das informações no rótulo, Preço",Muito importante,2.0,Frequência moderada,3,1,3,Potencial sustentável
71,2026-05-12 13:28:23.435,"Sim, aceito participar",Região Sudeste,Zona urbana,Entre 46 e 55 anos,Masculino,Branca,De 3 a 4 salários mínimos,Pós-graduação completa,Raramente,Consumidor ocasional,"Consumidor ocasional, sem conhecimento técnico",Vinho suave,Supermercados,"Preço, Recomendação (amigos, especialistas, avaliações)","Qualidade sensorial (sabor, aroma, equilíbrio), Clareza e transparência das informações no rótulo, Presença de certificações ou selos ambientais, Preço",Muito importante,0.5,Baixa frequência,3,1,1,Potencial sustentável
72,2026-05-12 13:28:29.048,"Sim, aceito participar",Região Sul,Zona urbana,Entre 46 e 55 anos,Feminino,Branca,Acima de 6 salários mínimos,Pós-graduação completa,De 2 a 3 vezes por semana,Apreciador técnico,"Apreciador, com conhecimentos técnicos","Vinho tinto seco, Vinho branco seco, Vinho rosé, Vinho espumante, Vinho demi-sec, Vinho licoroso e/ou fortificado","Supermercados, Diretamente em vinícolas, Restaurantes e bares","Preço, Região de origem, Variedade, Vinícola / Produtor, Design e informação do rótulo, Práticas sustentáveis e/ou impacto ambiental, Promoções ou descontos, Curiosidade ou interesse por novos produtos","Sustentabilidade ambiental (menor impacto no cultivo), Clareza e transparência das informações no rótulo, Presença de certificações ou selos ambientais",Extremamente importante,10.8,Alta frequência,4,1,3,Alta prioridade
73,2026-05-12 13:37:33.703,"Sim, aceito participar",Região Sudeste,Zona urbana,Acima de 55 anos,Feminino,Parda,Acima de 6 salários mínimos,Pós-graduação completa,1 vez por semana,Apreciador técnico,"Apreciador, com conhecimentos técnicos","Vinho tinto seco, Vinho branco seco, Vinho espumante","Supermercados, Lojas físicas especializadas, Diretamente em vinícolas, Restaurantes e bares","Preço, Região de origem, Variedade, Vinícola / Produtor, Recomendação (amigos, especialistas, avaliações), Descrição sensorial (aroma, sabor estilo), Promoções ou descontos, Curiosidade ou interesse por novos produtos","Qualidade sensorial (sabor, aroma, equilíbrio), Sustentabilidade ambiental (menor impacto no cultivo), Clareza e transparência das informações no rótulo, Presença de certificações ou selos ambientais, Preço",Extremamente importante,4.3,Alta frequência,4,1,3,Alta prioridade
74,2026-05-12 13:42:36.176,"Sim, aceito participar",Região Sul,Zona urbana,Entre 26 e 35 anos,Feminino,Branca,De 3 a 4 salários mínimos,Pós-graduação completa,1 vez por semana,Apreciador interessado,"Apreciador, com interesse pelo tema","Vinho tinto seco, Vinho rosé, Vinho espumante","Supermercados, Restaurantes e bares","Preço, Variedade, Recomendação (amigos, especialistas, avaliações)","Qualidade sensorial (sabor, aroma, equilíbrio), Sustentabilidade ambiental (menor impacto no cultivo), Origem das uvas (região/procedência), Presença de certificações ou selos ambientais",Extremamente importante,4.3,Alta frequência,4,1,2,Alta prioridade
75,2026-05-12 13:46:02.353,"Sim, aceito participar",Região Sudeste,Zona urbana,Entre 26 e 35 anos,Feminino,Amarela,De 3 a 4 salários mínimos,Ensino superior completo,1 vez por semana,Apreciador técnico,"Apreciador, com conhecimentos técnicos","Vinho branco seco, Vinho rosé","Supermercados, Lojas físicas especializadas","Recomendação (amigos, especialistas, avaliações), Design e informação do rótulo, Promoções ou descontos, Curiosidade ou interesse por novos produtos","Qualidade sensorial (sabor, aroma, equilíbrio), Origem das uvas (região/procedência), Clareza e transparência das informações no rótulo, Preço",Extremamente importante,4.3,Alta frequência,4,1,3,Alta prioridade
76,2026-05-12 14:00:29.221,"Sim, aceito participar",Região Sul,Zona urbana,Entre 36 e 45 anos,Feminino,Branca,Acima de 6 salários mínimos,Pós-graduação completa,1 vez a cada 15 dias,Apreciador interessado,"Apreciador, com interesse pelo tema","Vinho tinto seco, Vinho branco seco, Vinho rosé, Vinho espumante",Lojas físicas especializadas,"Preço, Região de origem, Variedade, Vinícola / Produtor, Recomendação (amigos, especialistas, avaliações), Promoções ou descontos","Qualidade sensorial (sabor, aroma, equilíbrio), Sustentabilidade ambiental (menor impacto no cultivo), Origem das uvas (região/procedência)",Muito importante,2.0,Frequência moderada,3,1,2,Potencial sustentável
77,2026-05-12 14:04:36.774,"Sim, aceito participar",Região Sul,Zona urbana,Entre 36 e 45 anos,Feminino,Branca,De 3 a 4 salários mínimos,Ensino médio completo,1 vez por semana,Apreciador interessado,"Apreciador, com interesse pelo tema","Vinho tinto seco, Vinho rosé, Vinho espumante, Vinho demi-sec","Supermercados, Lojas físicas especializadas, Diretamente em vinícolas, Restaurantes e bares, De outros paises","Preço, Região de origem, Variedade, Vinícola / Produtor, Recomendação (amigos, especialistas, avaliações), Descrição sensorial (aroma, sabor estilo), Design e informação do rótulo, Promoções ou descontos","Qualidade sensorial (sabor, aroma, equilíbrio), Origem das uvas (região/procedência), Clareza e transparência das informações no rótulo, Preço",Extremamente importante,4.3,Alta frequência,4,1,2,Alta prioridade
78,2026-05-12 14:09:07.849,"Sim, aceito participar",Região Centro-Oeste,Zona urbana,Entre 26 e 35 anos,Feminino,Parda,De 3 a 4 salários mínimos,Pós-graduação completa,Raramente,Consumidor ocasional,"Consumidor ocasional, sem conhecimento técnico","Vinho tinto seco, Vinho branco seco, Vinho rosé, Vinho espumante, Vinho suave, Vinho demi-sec",Supermercados,"Preço, Recomendação (amigos, especialistas, avaliações), Descrição sensorial (aroma, sabor estilo), Promoções ou descontos","Clareza e transparência das informações no rótulo, Presença de certificações ou selos ambientais, Preço",Extremamente importante,0.5,Baixa frequência,4,1,1,Potencial sustentável
79,2026-05-12 14:12:24.869,"Sim, aceito participar",Região Sul,Zona urbana,Entre 18 e 25 anos,Feminino,Branca,De 1 a 2 salários mínimos,Ensino superior incompleto,1 vez a cada 15 dias,Consumidor ocasional,"Consumidor ocasional, sem conhecimento técnico","Vinho rosé, Vinho suave, Vinho demi-sec",Supermercados,"Preço, Recomendação (amigos, especialistas, avaliações), Descrição sensorial (aroma, sabor estilo), Design e informação do rótulo, Curiosidade ou interesse por novos produtos","Qualidade sensorial (sabor, aroma, equilíbrio), Sustentabilidade ambiental (menor impacto no cultivo), Origem das uvas (região/procedência), Clareza e transparência das informações no rótulo, Preço",Extremamente importante,2.0,Frequência moderada,4,1,1,Potencial sustentável
80,2026-05-12 14:20:12.622,"Sim, aceito participar",Região Sudeste,Zona urbana,Acima de 55 anos,Masculino,Branca,Acima de 6 salários mínimos,Ensino superior completo,De 4 a 6 vezes por semana,Consumidor ocasional,"Consumidor ocasional, sem conhecimento técnico","Vinho tinto seco, Vinho espumante, Vinho demi-sec","Supermercados, Lojas físicas especializadas","Preço, Variedade, Promoções ou descontos","Qualidade sensorial (sabor, aroma, equilíbrio)",Muito importante,21.5,Alta frequência,3,1,1,Alta prioridade
81,2026-05-12 14:35:48.800,"Sim, aceito participar",Região Sul,Zona urbana,Entre 26 e 35 anos,Feminino,Branca,De 1 a 2 salários mínimos,Pós-graduação incompleta,1 vez por mês,Consumidor ocasional,"Consumidor ocasional, sem conhecimento técnico","Vinho tinto seco, Vinho branco seco, Vinho rosé, Vinho espumante, Vinho suave","Lojas online especializadas, Restaurantes e bares","Preço, Recomendação (amigos, especialistas, avaliações), Descrição sensorial (aroma, sabor estilo), Design e informação do rótulo, Curiosidade ou interesse por novos produtos","Qualidade sensorial (sabor, aroma, equilíbrio), Sustentabilidade ambiental (menor impacto no cultivo), Clareza e transparência das informações no rótulo, Presença de certificações ou selos ambientais, Preço",Extremamente importante,1.0,Frequência moderada,4,1,1,Potencial sustentável
82,2026-05-12 14:35:55.586,"Sim, aceito participar",Região Sul,Zona rural,Entre 26 e 35 anos,Feminino,Branca,De 3 a 4 salários mínimos,Pós-graduação incompleta,Raramente,Consumidor ocasional,"Consumidor ocasional, sem conhecimento técnico","Vinho espumante, Vinho suave","Supermercados, Lojas físicas especializadas","Preço, Recomendação (amigos, especialistas, avaliações), Descrição sensorial (aroma, sabor estilo), Design e informação do rótulo, Curiosidade ou interesse por novos produtos","Qualidade sensorial (sabor, aroma, equilíbrio), Sustentabilidade ambiental (menor impacto no cultivo), Presença de certificações ou selos ambientais, Grau de inovação do produto",Extremamente importante,0.5,Baixa frequência,4,1,1,Potencial sustentável
83,2026-05-12 14:39:32.519,"Sim, aceito participar",Região Sul,Zona urbana,Entre 26 e 35 anos,Feminino,Branca,De 3 a 4 salários mínimos,Pós-graduação incompleta,1 vez por semana,Apreciador interessado,"Apreciador, com interesse pelo tema","Vinho tinto seco, Vinho branco seco, Vinho rosé","Supermercados, Lojas físicas especializadas","Preço, Região de origem, Variedade, Descrição sensorial (aroma, sabor estilo), Design e informação do rótulo, Promoções ou descontos, Curiosidade ou interesse por novos produtos","Qualidade sensorial (sabor, aroma, equilíbrio), Sustentabilidade ambiental (menor impacto no cultivo), Origem das uvas (região/procedência), Clareza e transparência das informações no rótulo, Presença de certificações ou selos ambientais, Preço",Extremamente importante,4.3,Alta frequência,4,1,2,Alta prioridade
84,2026-05-12 14:59:13.563,"Sim, aceito participar",Região Sul,Zona urbana,Entre 46 e 55 anos,Feminino,Branca,Acima de 6 salários mínimos,Pós-graduação completa,1 vez por semana,Profissional do setor,"Profissional da área de vinhos (ex.: sommelier, enólogo, atuação na indústria ou enoturismo)","Vinho tinto seco, Vinho branco seco, Vinho rosé, Vinho espumante, Vinho demi-sec, Vinho licoroso e/ou fortificado","Supermercados, Lojas físicas especializadas, Lojas online especializadas, Diretamente em vinícolas, Restaurantes e bares","Preço, Região de origem, Variedade, Vinícola / Produtor, Promoções ou descontos","Qualidade sensorial (sabor, aroma, equilíbrio)",Muito importante,4.3,Alta frequência,3,1,4,Alta prioridade
85,2026-05-12 15:05:52.940,"Sim, aceito participar",Região Sudeste,Zona urbana,Entre 26 e 35 anos,Masculino,Branca,De 1 a 2 salários mínimos,Ensino superior incompleto,1 vez por semana,Apreciador interessado,"Apreciador, com interesse pelo tema","Vinho tinto seco, Vinho branco seco, Vinho espumante, Vinho demi-sec","Supermercados, Lojas físicas especializadas, Lojas online especializadas, Restaurantes e bares","Preço, Recomendação (amigos, especialistas, avaliações), Promoções ou descontos, Curiosidade ou interesse por novos produtos","Qualidade sensorial (sabor, aroma, equilíbrio), Preço",Extremamente importante,4.3,Alta frequência,4,1,2,Alta prioridade
86,2026-05-12 16:16:31.510,"Sim, aceito participar",Região Sul,Zona urbana,Entre 36 e 45 anos,Feminino,Branca,De 1 a 2 salários mínimos,Ensino superior incompleto,1 vez por semana,Apreciador interessado,"Apreciador, com interesse pelo tema","Vinho tinto seco, Vinho rosé, Vinho espumante, Vinho demi-sec","Supermercados, Diretamente em vinícolas","Preço, Região de origem, Variedade, Vinícola / Produtor, Descrição sensorial (aroma, sabor estilo), Promoções ou descontos","Qualidade sensorial (sabor, aroma, equilíbrio), Sustentabilidade ambiental (menor impacto no cultivo), Origem das uvas (região/procedência), Clareza e transparência das informações no rótulo, Presença de certificações ou selos ambientais, Preço, Grau de inovação do produto",Extremamente importante,4.3,Alta frequência,4,1,2,Alta prioridade
87,2026-05-12 16:30:21.631,"Sim, aceito participar",Região Sul,Zona urbana,Entre 46 e 55 anos,Feminino,Branca,Acima de 6 salários mínimos,Pós-graduação completa,1 vez por semana,Apreciador interessado,"Apreciador, com interesse pelo tema","Vinho tinto seco, Vinho rosé, Vinho espumante","Supermercados, Lojas físicas especializadas, Lojas online especializadas, Diretamente em vinícolas, Restaurantes e bares","Preço, Variedade, Vinícola / Produtor, Curiosidade ou interesse por novos produtos","Qualidade sensorial (sabor, aroma, equilíbrio), Clareza e transparência das informações no rótulo, Preço",Muito importante,4.3,Alta frequência,3,1,2,Alta prioridade
88,2026-05-12 16:31:07.902,"Sim, aceito participar",Região Sul,Zona urbana,Entre 18 e 25 anos,Masculino,Branca,De 3 a 4 salários mínimos,Ensino superior incompleto,Raramente,Consumidor ocasional,"Consumidor ocasional, sem conhecimento técnico",Vinho suave,Supermercados,"Preço, Descrição sensorial (aroma, sabor estilo)","Qualidade sensorial (sabor, aroma, equilíbrio), Sustentabilidade ambiental (menor impacto no cultivo)",Extremamente importante,0.5,Baixa frequência,4,1,1,Potencial sustentável
89,2026-05-12 16:43:09.977,"Sim, aceito participar",Região Sudeste,Zona urbana,Entre 26 e 35 anos,Feminino,Preta,De 1 a 2 salários mínimos,Pós-graduação incompleta,1 vez a cada 15 dias,Apreciador técnico,"Apreciador, com conhecimentos técnicos","Vinho tinto seco, Vinho branco seco, Vinho rosé, Vinho suave",Supermercados,"Preço, Recomendação (amigos, especialistas, avaliações), Descrição sensorial (aroma, sabor estilo), Design e informação do rótulo, Curiosidade ou interesse por novos produtos","Qualidade sensorial (sabor, aroma, equilíbrio), Sustentabilidade ambiental (menor impacto no cultivo), Clareza e transparência das informações no rótulo, Presença de certificações ou selos ambientais, Preço",Moderadamente importante,2.0,Frequência moderada,2,0,3,Baixa prioridade
90,2026-05-12 17:09:05.511,"Sim, aceito participar",Região Sul,Zona urbana,Entre 18 e 25 anos,Feminino,Parda,De 1 a 2 salários mínimos,Ensino superior incompleto,1 vez a cada 15 dias,Consumidor ocasional,"Consumidor ocasional, sem conhecimento técnico","Vinho rosé, Vinho suave",Supermercados,"Preço, Descrição sensorial (aroma, sabor estilo)","Qualidade sensorial (sabor, aroma, equilíbrio), Preço",Extremamente importante,2.0,Frequência moderada,4,1,1,Potencial sustentável
91,2026-05-12 17:09:34.614,"Sim, aceito participar",Região Sudeste,Zona urbana,Entre 46 e 55 anos,Feminino,Branca,Acima de 6 salários mínimos,Pós-graduação completa,1 vez a cada 15 dias,Apreciador interessado,"Apreciador, com interesse pelo tema",Vinho tinto seco,"Lojas físicas especializadas, Lojas online especializadas, Diretamente em vinícolas","Preço, Região de origem, Variedade, Vinícola / Produtor, Práticas sustentáveis e/ou impacto ambiental","Qualidade sensorial (sabor, aroma, equilíbrio), Sustentabilidade ambiental (menor impacto no cultivo), Origem das uvas (região/procedência), Clareza e transparência das informações no rótulo, Presença de certificações ou selos ambientais",Extremamente importante,2.0,Frequência moderada,4,1,2,Potencial sustentável
92,2026-05-12 17:12:59.718,"Sim, aceito participar",Região Sul,Zona urbana,Entre 26 e 35 anos,Feminino,Branca,De 1 a 2 salários mínimos,Pós-graduação incompleta,1 vez por mês,Consumidor ocasional,"Consumidor ocasional, sem conhecimento técnico","Vinho tinto seco, Vinho branco seco, Vinho rosé, Vinho espumante, Vinho suave, Vinho demi-sec",Supermercados,"Preço, Região de origem, Variedade, Recomendação (amigos, especialistas, avaliações), Design e informação do rótulo, Promoções ou descontos","Qualidade sensorial (sabor, aroma, equilíbrio), Sustentabilidade ambiental (menor impacto no cultivo), Preço, Grau de inovação do produto",Muito importante,1.0,Frequência moderada,3,1,1,Potencial sustentável
93,2026-05-12 17:27:51.695,"Sim, aceito participar",Região Sul,Zona urbana,Entre 26 e 35 anos,Masculino,Branca,Acima de 6 salários mínimos,Pós-graduação completa,1 vez a cada 15 dias,Apreciador interessado,"Apreciador, com interesse pelo tema",Vinho tinto seco,"Supermercados, Lojas online especializadas, Restaurantes e bares","Região de origem, Variedade, Recomendação (amigos, especialistas, avaliações), Design e informação do rótulo","Qualidade sensorial (sabor, aroma, equilíbrio), Clareza e transparência das informações no rótulo",Moderadamente importante,2.0,Frequência moderada,2,0,2,Baixa prioridade
94,2026-05-12 17:28:35.242,"Sim, aceito participar",Região Sul,Zona urbana,Entre 46 e 55 anos,Masculino,Branca,De 1 a 2 salários mínimos,Ensino superior incompleto,1 vez por semana,Apreciador interessado,"Apreciador, com interesse pelo tema","Vinho tinto seco, Vinho branco seco, Vinho rosé, Vinho espumante","Supermercados, Lojas online especializadas","Preço, Variedade, Vinícola / Produtor, Recomendação (amigos, especialistas, avaliações), Curiosidade ou interesse por novos produtos","Qualidade sensorial (sabor, aroma, equilíbrio), Sustentabilidade ambiental (menor impacto no cultivo)",Muito importante,4.3,Alta frequência,3,1,2,Alta prioridade
95,2026-05-12 17:29:49.694,"Sim, aceito participar",Região Sul,Zona rural,Entre 26 e 35 anos,Masculino,Branca,De 5 a 6 salários mínimos,Pós-graduação completa,1 vez por mês,Consumidor ocasional,"Consumidor ocasional, sem conhecimento técnico","Vinho branco seco, Vinho suave",Supermercados,"Preço, Design e informação do rótulo","Clareza e transparência das informações no rótulo, Presença de certificações ou selos ambientais, Preço",Extremamente importante,1.0,Frequência moderada,4,1,1,Potencial sustentável
96,2026-05-12 17:56:53.919,"Sim, aceito participar",Região Sul,Zona urbana,Entre 26 e 35 anos,Masculino,Parda,De 3 a 4 salários mínimos,Pós-graduação incompleta,Raramente,Apreciador técnico,"Apreciador, com conhecimentos técnicos",Vinho tinto seco,Supermercados,"Preço, Variedade, Vinícola / Produtor, Promoções ou descontos, Curiosidade ou interesse por novos produtos","Qualidade sensorial (sabor, aroma, equilíbrio), Sustentabilidade ambiental (menor impacto no cultivo), Origem das uvas (região/procedência), Clareza e transparência das informações no rótulo, Presença de certificações ou selos ambientais, Preço, Grau de inovação do produto",Moderadamente importante,0.5,Baixa frequência,2,0,3,Baixa prioridade
97,2026-05-12 18:16:33.998,"Sim, aceito participar",Região Centro-Oeste,Zona urbana,Entre 18 e 25 anos,Masculino,Branca,Prefiro não responder,Pós-graduação completa,Raramente,Consumidor ocasional,"Consumidor ocasional, sem conhecimento técnico",Não tenho preferência definida,Supermercados,"Preço, Recomendação (amigos, especialistas, avaliações), Promoções ou descontos",Preço,Pouco importante,0.5,Baixa frequência,1,0,1,Baixa prioridade
98,2026-05-12 18:20:19.801,"Sim, aceito participar",Região Norte,Zona urbana,Entre 36 e 45 anos,Masculino,Parda,Prefiro não responder,Pós-graduação completa,De 2 a 3 vezes por semana,Apreciador técnico,"Apreciador, com conhecimentos técnicos","Vinho tinto seco, Vinho branco seco, Vinho rosé, Vinho espumante, Vinho suave, Vinho demi-sec, Vinho licoroso e/ou fortificado","Supermercados, Lojas físicas especializadas, Lojas online especializadas, Diretamente em vinícolas, Restaurantes e bares","Região de origem, Variedade, Vinícola / Produtor, Recomendação (amigos, especialistas, avaliações), Descrição sensorial (aroma, sabor estilo), Práticas sustentáveis e/ou impacto ambiental, Curiosidade ou interesse por novos produtos","Qualidade sensorial (sabor, aroma, equilíbrio), Sustentabilidade ambiental (menor impacto no cultivo), Origem das uvas (região/procedência), Clareza e transparência das informações no rótulo, Presença de certificações ou selos ambientais, Grau de inovação do produto",Extremamente importante,10.8,Alta frequência,4,1,3,Alta prioridade
99,2026-05-12 18:27:30.243,"Sim, aceito participar",Região Sul,Zona urbana,Entre 18 e 25 anos,Feminino,Branca,De 1 a 2 salários mínimos,Ensino superior completo,Raramente,Apreciador interessado,"Apreciador, com interesse pelo tema",Vinho branco seco,"Supermercados, Diretamente em vinícolas","Preço, Região de origem, Variedade, Vinícola / Produtor, Recomendação (amigos, especialistas, avaliações), Descrição sensorial (aroma, sabor estilo)","Qualidade sensorial (sabor, aroma, equilíbrio), Clareza e transparência das informações no rótulo, Presença de certificações ou selos ambientais",Extremamente importante,0.5,Baixa frequência,4,1,2,Potencial sustentável
100,2026-05-12 19:08:30.013,"Sim, aceito participar",Região Sul,Zona urbana,Entre 46 e 55 anos,Masculino,Branca,Acima de 6 salários mínimos,Pós-graduação completa,De 2 a 3 vezes por semana,Apreciador interessado,"Apreciador, com interesse pelo tema","Vinho tinto seco, Vinho demi-sec","Supermercados, Lojas físicas especializadas","Preço, Variedade, Vinícola / Produtor, Recomendação (amigos, especialistas, avaliações), Promoções ou descontos, Curiosidade ou interesse por novos produtos","Qualidade sensorial (sabor, aroma, equilíbrio), Preço",Moderadamente importante,10.8,Alta frequência,2,0,2,Consumidor frequente tradicional
101,2026-05-12 19:08:36.936,"Sim, aceito participar",Região Sul,Zona urbana,Entre 46 e 55 anos,Feminino,Branca,Acima de 6 salários mínimos,Pós-graduação completa,De 2 a 3 vezes por semana,Apreciador interessado,"Apreciador, com interesse pelo tema","Vinho tinto seco, Vinho rosé, Vinho espumante, Vinho suave, Vinho demi-sec","Supermercados, Lojas físicas especializadas","Preço, Região de origem, Recomendação (amigos, especialistas, avaliações), Promoções ou descontos","Sustentabilidade ambiental (menor impacto no cultivo), Origem das uvas (região/procedência), Preço",Muito importante,10.8,Alta frequência,3,1,2,Alta prioridade
102,2026-05-12 19:12:08.206,"Sim, aceito participar",Região Sul,Zona urbana,Entre 26 e 35 anos,Masculino,Branca,De 3 a 4 salários mínimos,Pós-graduação completa,1 vez a cada 15 dias,Consumidor ocasional,"Consumidor ocasional, sem conhecimento técnico","Vinho tinto seco, Vinho branco seco, Vinho espumante, Vinho suave",Supermercados,"Preço, Recomendação (amigos, especialistas, avaliações), Design e informação do rótulo","Qualidade sensorial (sabor, aroma, equilíbrio), Preço",Muito importante,2.0,Frequência moderada,3,1,1,Potencial sustentável
103,2026-05-12 19:18:47.408,"Sim, aceito participar",Região Sudeste,Zona urbana,Entre 36 e 45 anos,Feminino,Branca,Acima de 6 salários mínimos,Ensino superior completo,1 vez por semana,Apreciador interessado,"Apreciador, com interesse pelo tema",Vinho tinto seco,Lojas online especializadas,"Preço, Recomendação (amigos, especialistas, avaliações), Promoções ou descontos","Qualidade sensorial (sabor, aroma, equilíbrio)",Muito importante,4.3,Alta frequência,3,1,2,Alta prioridade
104,2026-05-12 19:23:25.438,"Sim, aceito participar",Região Sudeste,Zona urbana,Entre 36 e 45 anos,Feminino,Branca,Acima de 6 salários mínimos,Pós-graduação completa,1 vez a cada 15 dias,Apreciador interessado,"Apreciador, com interesse pelo tema","Vinho tinto seco, Vinho branco seco","Supermercados, Lojas online especializadas","Preço, Região de origem, Variedade, Recomendação (amigos, especialistas, avaliações), Design e informação do rótulo, Práticas sustentáveis e/ou impacto ambiental, Promoções ou descontos","Qualidade sensorial (sabor, aroma, equilíbrio), Sustentabilidade ambiental (menor impacto no cultivo), Presença de certificações ou selos ambientais",Extremamente importante,2.0,Frequência moderada,4,1,2,Potencial sustentável
105,2026-05-12 19:30:26.323,"Sim, aceito participar",Região Sul,Zona urbana,Entre 46 e 55 anos,Masculino,Branca,Acima de 6 salários mínimos,Ensino superior completo,1 vez por semana,Apreciador técnico,"Apreciador, com conhecimentos técnicos",Vinho tinto seco,Casa,"Região de origem, Variedade, Recomendação (amigos, especialistas, avaliações), Descrição sensorial (aroma, sabor estilo)","Qualidade sensorial (sabor, aroma, equilíbrio)",Extremamente importante,4.3,Alta frequência,4,1,3,Alta prioridade
106,2026-05-12 19:34:37.894,"Sim, aceito participar",Região Sul,Zona urbana,Entre 26 e 35 anos,Masculino,Branca,Acima de 6 salários mínimos,Pós-graduação completa,1 vez por semana,Apreciador interessado,"Apreciador, com interesse pelo tema","Vinho tinto seco, Vinho branco seco, Vinho espumante","Supermercados, Lojas físicas especializadas, Lojas online especializadas, Diretamente em vinícolas, Restaurantes e bares","Preço, Região de origem, Variedade, Vinícola / Produtor, Recomendação (amigos, especialistas, avaliações), Descrição sensorial (aroma, sabor estilo), Design e informação do rótulo, Promoções ou descontos, Curiosidade ou interesse por novos produtos","Qualidade sensorial (sabor, aroma, equilíbrio), Preço",Moderadamente importante,4.3,Alta frequência,2,0,2,Consumidor frequente tradicional
107,2026-05-12 21:00:58.851,"Sim, aceito participar",Região Sul,Zona urbana,Acima de 55 anos,Feminino,Branca,Acima de 6 salários mínimos,Pós-graduação completa,1 vez por semana,Apreciador interessado,"Apreciador, com interesse pelo tema","Vinho tinto seco, Vinho branco seco, Vinho espumante",Supermercados,"Preço, Região de origem, Variedade, Recomendação (amigos, especialistas, avaliações), Práticas sustentáveis e/ou impacto ambiental","Sustentabilidade ambiental (menor impacto no cultivo), Origem das uvas (região/procedência), Presença de certificações ou selos ambientais",Muito importante,4.3,Alta frequência,3,1,2,Alta prioridade
108,2026-05-12 21:02:59.678,"Sim, aceito participar",Região Sudeste,Zona urbana,Entre 36 e 45 anos,Feminino,Branca,De 3 a 4 salários mínimos,Pós-graduação completa,1 vez por mês,Apreciador interessado,"Apreciador, com interesse pelo tema","Vinho tinto seco, Vinho branco seco, Vinho rosé, Vinho espumante","Supermercados, Lojas online especializadas","Preço, Região de origem, Variedade, Recomendação (amigos, especialistas, avaliações), Promoções ou descontos","Qualidade sensorial (sabor, aroma, equilíbrio), Preço",Muito importante,1.0,Frequência moderada,3,1,2,Potencial sustentável
109,2026-05-12 21:34:22.261,"Sim, aceito participar",Região Sul,Zona urbana,Acima de 55 anos,Feminino,Branca,De 5 a 6 salários mínimos,Pós-graduação completa,De 2 a 3 vezes por semana,Apreciador interessado,"Apreciador, com interesse pelo tema","Vinho tinto seco, Vinho branco seco, Vinho rosé, Vinho espumante","Supermercados, Diretamente em vinícolas","Preço, Região de origem, Variedade, Descrição sensorial (aroma, sabor estilo), Promoções ou descontos","Qualidade sensorial (sabor, aroma, equilíbrio), Sustentabilidade ambiental (menor impacto no cultivo), Clareza e transparência das informações no rótulo, Presença de certificações ou selos ambientais, Preço",Extremamente importante,10.8,Alta frequência,4,1,2,Alta prioridade
110,2026-05-12 21:34:35.676,"Sim, aceito participar",Região Sul,Zona urbana,Entre 46 e 55 anos,Masculino,Branca,Acima de 6 salários mínimos,Pós-graduação incompleta,1 vez por mês,Consumidor ocasional,"Consumidor ocasional, sem conhecimento técnico","Vinho tinto seco, Vinho branco seco, Vinho espumante","Supermercados, Restaurantes e bares","Preço, Variedade, Recomendação (amigos, especialistas, avaliações), Práticas sustentáveis e/ou impacto ambiental, Promoções ou descontos","Qualidade sensorial (sabor, aroma, equilíbrio), Sustentabilidade ambiental (menor impacto no cultivo), Clareza e transparência das informações no rótulo, Preço",Extremamente importante,1.0,Frequência moderada,4,1,1,Potencial sustentável
111,2026-05-12 21:49:36.631,"Sim, aceito participar",Região Nordeste,Zona urbana,Entre 26 e 35 anos,Masculino,Amarela,De 1 a 2 salários mínimos,Pós-graduação completa,Raramente,Consumidor ocasional,"Consumidor ocasional, sem conhecimento técnico",Vinho suave,Supermercados,"Preço, Recomendação (amigos, especialistas, avaliações), Promoções ou descontos, Curiosidade ou interesse por novos produtos","Qualidade sensorial (sabor, aroma, equilíbrio), Clareza e transparência das informações no rótulo, Preço",Extremamente importante,0.5,Baixa frequência,4,1,1,Potencial sustentável
112,2026-05-12 22:15:18.462,"Sim, aceito participar",Região Sul,Zona urbana,Entre 26 e 35 anos,Feminino,Branca,De 3 a 4 salários mínimos,Pós-graduação completa,1 vez por semana,Consumidor ocasional,"Consumidor ocasional, sem conhecimento técnico","Vinho tinto seco, Vinho branco seco, Vinho rosé, Vinho espumante, Vinho suave, Vinho demi-sec",Supermercados,"Preço, Recomendação (amigos, especialistas, avaliações), Promoções ou descontos","Qualidade sensorial (sabor, aroma, equilíbrio), Sustentabilidade ambiental (menor impacto no cultivo), Origem das uvas (região/procedência), Clareza e transparência das informações no rótulo, Presença de certificações ou selos ambientais, Preço, Grau de inovação do produto",Muito importante,4.3,Alta frequência,3,1,1,Alta prioridade
113,2026-05-12 22:23:30.771,"Sim, aceito participar",Região Sul,Zona urbana,Entre 26 e 35 anos,Feminino,Branca,Menos de 1 salário mínimo,Pós-graduação incompleta,1 vez por semana,Apreciador técnico,"Apreciador, com conhecimentos técnicos",Não tenho preferência definida,"Supermercados, Diretamente em vinícolas, Restaurantes e bares","Preço, Região de origem, Variedade, Vinícola / Produtor, Recomendação (amigos, especialistas, avaliações), Design e informação do rótulo, Práticas sustentáveis e/ou impacto ambiental, Promoções ou descontos, Curiosidade ou interesse por novos produtos","Qualidade sensorial (sabor, aroma, equilíbrio), Origem das uvas (região/procedência), Clareza e transparência das informações no rótulo, Presença de certificações ou selos ambientais",Muito importante,4.3,Alta frequência,3,1,3,Alta prioridade
114,2026-05-12 23:16:09.508,"Sim, aceito participar",Região Nordeste,Zona urbana,Entre 26 e 35 anos,Feminino,Parda,De 3 a 4 salários mínimos,Ensino superior completo,1 vez por mês,Apreciador interessado,"Apreciador, com interesse pelo tema","Vinho rosé, Vinho espumante, Vinho suave","Supermercados, Lojas online especializadas, Diretamente em vinícolas","Preço, Variedade, Vinícola / Produtor, Descrição sensorial (aroma, sabor estilo)","Qualidade sensorial (sabor, aroma, equilíbrio), Sustentabilidade ambiental (menor impacto no cultivo), Preço",Extremamente importante,1.0,Frequência moderada,4,1,2,Potencial sustentável
115,2026-05-13 08:04:50.887,"Sim, aceito participar",Região Sul,Zona urbana,Entre 26 e 35 anos,Masculino,Branca,De 5 a 6 salários mínimos,Pós-graduação completa,1 vez por semana,Apreciador interessado,"Apreciador, com interesse pelo tema","Vinho tinto seco, Vinho espumante",Supermercados,"Preço, Região de origem, Curiosidade ou interesse por novos produtos","Qualidade sensorial (sabor, aroma, equilíbrio), Origem das uvas (região/procedência)",Moderadamente importante,4.3,Alta frequência,2,0,2,Consumidor frequente tradicional
116,2026-05-13 08:09:39.197,"Sim, aceito participar",Região Sul,Zona urbana,Entre 36 e 45 anos,Feminino,Branca,Acima de 6 salários mínimos,Pós-graduação completa,De 2 a 3 vezes por semana,Apreciador interessado,"Apreciador, com interesse pelo tema","Vinho tinto seco, Vinho branco seco, Vinho rosé, Vinho espumante","Supermercados, Lojas físicas especializadas, Lojas online especializadas","Preço, Região de origem, Variedade, Vinícola / Produtor, Recomendação (amigos, especialistas, avaliações), Promoções ou descontos","Qualidade sensorial (sabor, aroma, equilíbrio), Clareza e transparência das informações no rótulo, Preço",Moderadamente importante,10.8,Alta frequência,2,0,2,Consumidor frequente tradicional
117,2026-05-13 08:59:01.821,"Sim, aceito participar",Região Sul,Zona urbana,Entre 36 e 45 anos,Masculino,Branca,Acima de 6 salários mínimos,Pós-graduação completa,De 2 a 3 vezes por semana,Profissional do setor,"Profissional da área de vinhos (ex.: sommelier, enólogo, atuação na indústria ou enoturismo)","Vinho tinto seco, Vinho branco seco, Vinho rosé, Vinho espumante","Lojas online especializadas, Diretamente em vinícolas","Preço, Região de origem, Variedade, Vinícola / Produtor, Recomendação (amigos, especialistas, avaliações), Descrição sensorial (aroma, sabor estilo), Práticas sustentáveis e/ou impacto ambiental, Curiosidade ou interesse por novos produtos","Qualidade sensorial (sabor, aroma, equilíbrio), Sustentabilidade ambiental (menor impacto no cultivo), Origem das uvas (região/procedência), Grau de inovação do produto",Extremamente importante,10.8,Alta frequência,4,1,4,Alta prioridade
118,2026-05-13 09:18:24.761,"Sim, aceito participar",Região Sul,Zona urbana,Acima de 55 anos,Masculino,Branca,De 5 a 6 salários mínimos,Pós-graduação completa,1 vez por mês,Apreciador interessado,"Apreciador, com interesse pelo tema","Vinho tinto seco, Vinho branco seco, Vinho licoroso e/ou fortificado","Supermercados, Lojas físicas especializadas","Região de origem, Variedade, Recomendação (amigos, especialistas, avaliações), Descrição sensorial (aroma, sabor estilo), Curiosidade ou interesse por novos produtos","Qualidade sensorial (sabor, aroma, equilíbrio), Sustentabilidade ambiental (menor impacto no cultivo), Origem das uvas (região/procedência), Clareza e transparência das informações no rótulo, Preço",Moderadamente importante,1.0,Frequência moderada,2,0,2,Baixa prioridade
119,2026-05-13 09:29:07.672,"Sim, aceito participar",Região Sudeste,Zona urbana,Entre 36 e 45 anos,Feminino,Branca,Acima de 6 salários mínimos,Pós-graduação completa,Raramente,Apreciador interessado,"Apreciador, com interesse pelo tema","Vinho tinto seco, Vinho branco seco, Vinho demi-sec","Supermercados, Lojas físicas especializadas","Preço, Variedade, Recomendação (amigos, especialistas, avaliações)","Qualidade sensorial (sabor, aroma, equilíbrio), Clareza e transparência das informações no rótulo",Muito importante,0.5,Baixa frequência,3,1,2,Potencial sustentável
120,2026-05-13 09:44:44.985,"Sim, aceito participar",Região Sudeste,Zona urbana,Entre 26 e 35 anos,Feminino,Branca,De 3 a 4 salários mínimos,Pós-graduação incompleta,1 vez a cada 15 dias,Apreciador interessado,"Apreciador, com interesse pelo tema","Vinho tinto seco, Vinho branco seco, Vinho demi-sec","Supermercados, Lojas online especializadas","Preço, Vinícola / Produtor, Recomendação (amigos, especialistas, avaliações), Descrição sensorial (aroma, sabor estilo), Design e informação do rótulo, Promoções ou descontos, Curiosidade ou interesse por novos produtos","Qualidade sensorial (sabor, aroma, equilíbrio), Sustentabilidade ambiental (menor impacto no cultivo), Clareza e transparência das informações no rótulo, Presença de certificações ou selos ambientais, Preço",Muito importante,2.0,Frequência moderada,3,1,2,Potencial sustentável
121,2026-05-13 10:23:24.547,"Sim, aceito participar",Região Sul,Zona urbana,Entre 36 e 45 anos,Feminino,Branca,Acima de 6 salários mínimos,Pós-graduação completa,1 vez por semana,Consumidor ocasional,"Consumidor ocasional, sem conhecimento técnico",Vinho tinto seco,"Supermercados, Lojas online especializadas, Diretamente em vinícolas","Preço, Variedade","Qualidade sensorial (sabor, aroma, equilíbrio), Clareza e transparência das informações no rótulo, Grau de inovação do produto",Extremamente importante,4.3,Alta frequência,4,1,1,Alta prioridade
122,2026-05-13 10:41:22.913,"Sim, aceito participar",Região Sudeste,Zona urbana,Acima de 55 anos,Feminino,Branca,Acima de 6 salários mínimos,Pós-graduação completa,De 4 a 6 vezes por semana,Apreciador interessado,"Apreciador, com interesse pelo tema","Vinho tinto seco, Vinho branco seco, Vinho rosé, Vinho espumante","Supermercados, Lojas online especializadas, Restaurantes e bares","Preço, Região de origem, Variedade, Vinícola / Produtor, Recomendação (amigos, especialistas, avaliações), Descrição sensorial (aroma, sabor estilo), Promoções ou descontos","Qualidade sensorial (sabor, aroma, equilíbrio), Sustentabilidade ambiental (menor impacto no cultivo), Clareza e transparência das informações no rótulo, Presença de certificações ou selos ambientais, Preço",Muito importante,21.5,Alta frequência,3,1,2,Alta prioridade
123,2026-05-13 11:00:26.718,"Sim, aceito participar",Região Sul,Zona urbana,Entre 18 e 25 anos,Feminino,Parda,De 1 a 2 salários mínimos,Ensino superior incompleto,1 vez a cada 15 dias,Apreciador técnico,"Apreciador, com conhecimentos técnicos","Vinho tinto seco, Vinho branco seco, Vinho espumante, Vinho demi-sec","Supermercados, Restaurantes e bares","Preço, Região de origem, Recomendação (amigos, especialistas, avaliações), Design e informação do rótulo, Promoções ou descontos, Curiosidade ou interesse por novos produtos","Qualidade sensorial (sabor, aroma, equilíbrio), Origem das uvas (região/procedência), Clareza e transparência das informações no rótulo, Presença de certificações ou selos ambientais, Preço",Pouco importante,2.0,Frequência moderada,1,0,3,Baixa prioridade
124,2026-05-13 11:20:11.451,"Sim, aceito participar",Região Sul,Zona urbana,Entre 36 e 45 anos,Masculino,Branca,Acima de 6 salários mínimos,Pós-graduação completa,1 vez a cada 15 dias,Consumidor ocasional,"Consumidor ocasional, sem conhecimento técnico","Vinho tinto seco, Vinho branco seco","Supermercados, Lojas físicas especializadas","Preço, Região de origem, Recomendação (amigos, especialistas, avaliações), Promoções ou descontos","Qualidade sensorial (sabor, aroma, equilíbrio), Origem das uvas (região/procedência), Presença de certificações ou selos ambientais, Preço",Extremamente importante,2.0,Frequência moderada,4,1,1,Potencial sustentável
125,2026-05-13 11:35:35.021,"Sim, aceito participar",Região Sul,Zona urbana,Entre 26 e 35 anos,Feminino,Branca,De 3 a 4 salários mínimos,Pós-graduação completa,1 vez por semana,Consumidor ocasional,"Consumidor ocasional, sem conhecimento técnico","Vinho tinto seco, Vinho branco seco, Vinho rosé, Vinho demi-sec","Supermercados, Lojas físicas especializadas, Restaurantes e bares","Preço, Recomendação (amigos, especialistas, avaliações), Design e informação do rótulo, Promoções ou descontos, Quantidade de tanino, pois tenho enxaqueca e evito vinhos com muito tanino.","Qualidade sensorial (sabor, aroma, equilíbrio), Clareza e transparência das informações no rótulo, Preço",Muito importante,4.3,Alta frequência,3,1,1,Alta prioridade
126,2026-05-13 11:40:02.799,"Sim, aceito participar",Região Sul,Zona urbana,Entre 18 e 25 anos,Masculino,Branca,De 3 a 4 salários mínimos,Ensino superior completo,1 vez a cada 15 dias,Apreciador interessado,"Apreciador, com interesse pelo tema","Vinho tinto seco, Vinho branco seco, Vinho rosé",Restaurantes e bares,"Preço, Região de origem, Recomendação (amigos, especialistas, avaliações), Promoções ou descontos, Curiosidade ou interesse por novos produtos","Qualidade sensorial (sabor, aroma, equilíbrio), Sustentabilidade ambiental (menor impacto no cultivo), Presença de certificações ou selos ambientais",Extremamente importante,2.0,Frequência moderada,4,1,2,Potencial sustentável
127,2026-05-13 11:42:50.618,"Sim, aceito participar",Região Sul,Zona urbana,Entre 46 e 55 anos,Feminino,Branca,De 3 a 4 salários mínimos,Ensino superior completo,Raramente,Consumidor ocasional,"Consumidor ocasional, sem conhecimento técnico","Vinho tinto seco, Vinho branco seco",Supermercados,"Preço, Região de origem, Vinícola / Produtor, Recomendação (amigos, especialistas, avaliações)","Qualidade sensorial (sabor, aroma, equilíbrio), Sustentabilidade ambiental (menor impacto no cultivo), Origem das uvas (região/procedência), Clareza e transparência das informações no rótulo, Presença de certificações ou selos ambientais, Grau de inovação do produto",Muito importante,0.5,Baixa frequência,3,1,1,Potencial sustentável
128,2026-05-13 11:50:12.532,"Sim, aceito participar",Região Sul,Zona urbana,Entre 26 e 35 anos,Masculino,Parda,De 3 a 4 salários mínimos,Ensino superior completo,1 vez por semana,Apreciador interessado,"Apreciador, com interesse pelo tema","Vinho tinto seco, Vinho branco seco, Vinho espumante, Vinho licoroso e/ou fortificado","Supermercados, Lojas físicas especializadas, Lojas online especializadas, Restaurantes e bares","Preço, Região de origem, Variedade, Recomendação (amigos, especialistas, avaliações), Design e informação do rótulo, Curiosidade ou interesse por novos produtos","Qualidade sensorial (sabor, aroma, equilíbrio), Clareza e transparência das informações no rótulo, Presença de certificações ou selos ambientais, Preço",Moderadamente importante,4.3,Alta frequência,2,0,2,Consumidor frequente tradicional
129,2026-05-13 11:52:14.975,"Sim, aceito participar",Região Sul,Zona urbana,Acima de 55 anos,Feminino,Branca,De 5 a 6 salários mínimos,Pós-graduação completa,Raramente,Consumidor ocasional,"Consumidor ocasional, sem conhecimento técnico",Não tenho preferência definida,Lojas físicas especializadas,"Preço, Região de origem, Vinícola / Produtor, Recomendação (amigos, especialistas, avaliações), Design e informação do rótulo","Qualidade sensorial (sabor, aroma, equilíbrio), Origem das uvas (região/procedência), Preço",Extremamente importante,0.5,Baixa frequência,4,1,1,Potencial sustentável
130,2026-05-13 12:03:48.857,"Sim, aceito participar",Região Sul,Zona urbana,Entre 18 e 25 anos,Feminino,Branca,De 3 a 4 salários mínimos,Ensino superior incompleto,1 vez por mês,Apreciador técnico,"Apreciador, com conhecimentos técnicos","Vinho tinto seco, Vinho branco seco, Vinho rosé, Vinho espumante","Supermercados, Lojas físicas especializadas, Diretamente em vinícolas, Restaurantes e bares","Preço, Região de origem, Recomendação (amigos, especialistas, avaliações), Práticas sustentáveis e/ou impacto ambiental, Curiosidade ou interesse por novos produtos","Origem das uvas (região/procedência), Preço",Muito importante,1.0,Frequência moderada,3,1,3,Potencial sustentável
131,2026-05-13 12:31:11.691,"Sim, aceito participar",Região Sul,Zona urbana,Entre 46 e 55 anos,Feminino,Branca,De 5 a 6 salários mínimos,Ensino superior completo,1 vez por semana,Apreciador interessado,"Apreciador, com interesse pelo tema","Vinho branco seco, Vinho rosé, Vinho espumante",Supermercados,"Preço, Região de origem, Variedade, Recomendação (amigos, especialistas, avaliações), Descrição sensorial (aroma, sabor estilo)","Qualidade sensorial (sabor, aroma, equilíbrio), Sustentabilidade ambiental (menor impacto no cultivo), Origem das uvas (região/procedência), Clareza e transparência das informações no rótulo, Preço",Extremamente importante,4.3,Alta frequência,4,1,2,Alta prioridade
132,2026-05-13 12:51:46.329,"Sim, aceito participar",Região Sul,Zona urbana,Entre 26 e 35 anos,Feminino,Branca,De 1 a 2 salários mínimos,Pós-graduação incompleta,1 vez por semana,Consumidor ocasional,"Consumidor ocasional, sem conhecimento técnico","Vinho branco seco, Vinho rosé, Vinho espumante","Supermercados, Lojas online especializadas, Restaurantes e bares","Região de origem, Variedade, Curiosidade ou interesse por novos produtos","Qualidade sensorial (sabor, aroma, equilíbrio), Sustentabilidade ambiental (menor impacto no cultivo)",Extremamente importante,4.3,Alta frequência,4,1,1,Alta prioridade
133,2026-05-13 13:41:13.097,"Sim, aceito participar",Região Sul,Zona rural,Acima de 55 anos,Masculino,Branca,Acima de 6 salários mínimos,Pós-graduação completa,1 vez por semana,Apreciador interessado,"Apreciador, com interesse pelo tema",Vinho tinto seco,"Supermercados, Lojas físicas especializadas","Região de origem, Vinícola / Produtor","Qualidade sensorial (sabor, aroma, equilíbrio), Origem das uvas (região/procedência)",Muito importante,4.3,Alta frequência,3,1,2,Alta prioridade
134,2026-05-13 13:46:34.063,"Sim, aceito participar",Região Sudeste,Zona urbana,Entre 18 e 25 anos,Feminino,Branca,Menos de 1 salário mínimo,Pós-graduação incompleta,1 vez por mês,Consumidor ocasional,"Consumidor ocasional, sem conhecimento técnico","Vinho tinto seco, Vinho suave","Supermercados, Restaurantes e bares","Preço, Recomendação (amigos, especialistas, avaliações), Promoções ou descontos, Curiosidade ou interesse por novos produtos","Qualidade sensorial (sabor, aroma, equilíbrio), Presença de certificações ou selos ambientais, Preço",Extremamente importante,1.0,Frequência moderada,4,1,1,Potencial sustentável
135,2026-05-13 13:52:25.073,"Sim, aceito participar",Região Sul,Zona urbana,Entre 36 e 45 anos,Feminino,Branca,Acima de 6 salários mínimos,Pós-graduação completa,Raramente,Apreciador interessado,"Apreciador, com interesse pelo tema","Vinho espumante, Vinho suave",Lojas físicas especializadas,"Preço, Variedade","Qualidade sensorial (sabor, aroma, equilíbrio), Preço",Pouco importante,0.5,Baixa frequência,1,0,2,Baixa prioridade
136,2026-05-13 13:57:14.628,"Sim, aceito participar",Região Sul,Zona urbana,Acima de 55 anos,Masculino,Branca,Acima de 6 salários mínimos,Pós-graduação completa,De 2 a 3 vezes por semana,Apreciador interessado,"Apreciador, com interesse pelo tema","Vinho tinto seco, Vinho branco seco, Vinho espumante","Supermercados, Lojas online especializadas","Preço, Variedade, Recomendação (amigos, especialistas, avaliações)","Qualidade sensorial (sabor, aroma, equilíbrio), Sustentabilidade ambiental (menor impacto no cultivo), Preço",Muito importante,10.8,Alta frequência,3,1,2,Alta prioridade
137,2026-05-13 14:07:37.239,"Sim, aceito participar",Região Sul,Zona urbana,Entre 18 e 25 anos,Masculino,Branca,Menos de 1 salário mínimo,Ensino superior incompleto,1 vez por mês,Consumidor ocasional,"Consumidor ocasional, sem conhecimento técnico","Vinho rosé, Vinho espumante, Vinho suave","Supermercados, Diretamente em vinícolas, Restaurantes e bares","Preço, Vinícola / Produtor, Recomendação (amigos, especialistas, avaliações), Design e informação do rótulo, Curiosidade ou interesse por novos produtos","Qualidade sensorial (sabor, aroma, equilíbrio), Sustentabilidade ambiental (menor impacto no cultivo), Origem das uvas (região/procedência), Clareza e transparência das informações no rótulo, Presença de certificações ou selos ambientais, Preço",Extremamente importante,1.0,Frequência moderada,4,1,1,Potencial sustentável
138,2026-05-13 14:13:09.687,"Sim, aceito participar",Região Sul,Zona urbana,Entre 26 e 35 anos,Masculino,Branca,Acima de 6 salários mínimos,Pós-graduação completa,Raramente,Consumidor ocasional,"Consumidor ocasional, sem conhecimento técnico",Vinho tinto seco,Supermercados,Variedade,"Sustentabilidade ambiental (menor impacto no cultivo), Clareza e transparência das informações no rótulo",Extremamente importante,0.5,Baixa frequência,4,1,1,Potencial sustentável
139,2026-05-13 14:14:39.634,"Sim, aceito participar",Região Sul,Zona urbana,Entre 36 e 45 anos,Masculino,Parda,Acima de 6 salários mínimos,Pós-graduação completa,1 vez a cada 15 dias,Apreciador interessado,"Apreciador, com interesse pelo tema","Vinho tinto seco, Vinho branco seco, Vinho demi-sec","Lojas online especializadas, Diretamente em vinícolas","Região de origem, Variedade, Recomendação (amigos, especialistas, avaliações), Descrição sensorial (aroma, sabor estilo), Curiosidade ou interesse por novos produtos","Qualidade sensorial (sabor, aroma, equilíbrio), Sustentabilidade ambiental (menor impacto no cultivo), Clareza e transparência das informações no rótulo, Presença de certificações ou selos ambientais, Grau de inovação do produto",Extremamente importante,2.0,Frequência moderada,4,1,2,Potencial sustentável
140,2026-05-13 14:18:12.128,"Sim, aceito participar",Região Sul,Zona urbana,Entre 36 e 45 anos,Masculino,Branca,De 3 a 4 salários mínimos,Pós-graduação completa,1 vez por semana,Apreciador interessado,"Apreciador, com interesse pelo tema","Vinho tinto seco, Vinho branco seco, Vinho rosé, Vinho espumante, Vinho demi-sec","Supermercados, Lojas online especializadas, Restaurantes e bares","Preço, Região de origem, Variedade, Recomendação (amigos, especialistas, avaliações), Curiosidade ou interesse por novos produtos","Qualidade sensorial (sabor, aroma, equilíbrio), Sustentabilidade ambiental (menor impacto no cultivo), Clareza e transparência das informações no rótulo, Presença de certificações ou selos ambientais, Preço",Extremamente importante,4.3,Alta frequência,4,1,2,Alta prioridade
141,2026-05-13 14:37:13.355,"Sim, aceito participar",Região Sudeste,Zona urbana,Entre 36 e 45 anos,Feminino,Branca,De 5 a 6 salários mínimos,Pós-graduação completa,1 vez a cada 15 dias,Apreciador interessado,"Apreciador, com interesse pelo tema","Vinho tinto seco, Vinho branco seco, Vinho espumante","Supermercados, Lojas online especializadas","Região de origem, Variedade, Recomendação (amigos, especialistas, avaliações), Promoções ou descontos","Sustentabilidade ambiental (menor impacto no cultivo), Clareza e transparência das informações no rótulo, Presença de certificações ou selos ambientais",Muito importante,2.0,Frequência moderada,3,1,2,Potencial sustentável
142,2026-05-13 14:37:34.473,"Sim, aceito participar",Região Sul,Zona urbana,Entre 36 e 45 anos,Feminino,Branca,De 5 a 6 salários mínimos,Pós-graduação completa,1 vez por semana,Apreciador interessado,"Apreciador, com interesse pelo tema","Vinho branco seco, Vinho rosé","Supermercados, Lojas online especializadas","Recomendação (amigos, especialistas, avaliações), Descrição sensorial (aroma, sabor estilo), Práticas sustentáveis e/ou impacto ambiental","Qualidade sensorial (sabor, aroma, equilíbrio), Presença de certificações ou selos ambientais",Extremamente importante,4.3,Alta frequência,4,1,2,Alta prioridade
143,2026-05-13 14:41:19.175,"Sim, aceito participar",Região Sul,Zona urbana,Entre 46 e 55 anos,Masculino,Parda,Acima de 6 salários mínimos,Pós-graduação completa,1 vez a cada 15 dias,Apreciador interessado,"Apreciador, com interesse pelo tema",Vinho tinto seco,"Lojas físicas especializadas, Diretamente em vinícolas","Preço, Região de origem, Variedade, Vinícola / Produtor, Recomendação (amigos, especialistas, avaliações), Descrição sensorial (aroma, sabor estilo)","Qualidade sensorial (sabor, aroma, equilíbrio), Sustentabilidade ambiental (menor impacto no cultivo), Origem das uvas (região/procedência), Clareza e transparência das informações no rótulo, Grau de inovação do produto",Extremamente importante,2.0,Frequência moderada,4,1,2,Potencial sustentável
144,2026-05-13 14:48:58.402,"Sim, aceito participar",Região Sul,Zona urbana,Entre 18 e 25 anos,Masculino,Branca,De 5 a 6 salários mínimos,Pós-graduação completa,1 vez por semana,Apreciador interessado,"Apreciador, com interesse pelo tema","Vinho tinto seco, Vinho demi-sec","Lojas físicas especializadas, Lojas online especializadas, Diretamente em vinícolas","Vinícola / Produtor, Recomendação (amigos, especialistas, avaliações), Descrição sensorial (aroma, sabor estilo), Promoções ou descontos","Qualidade sensorial (sabor, aroma, equilíbrio), Sustentabilidade ambiental (menor impacto no cultivo), Preço",Extremamente importante,4.3,Alta frequência,4,1,2,Alta prioridade
145,2026-05-13 15:18:54.501,"Sim, aceito participar",Região Sul,Zona urbana,Acima de 55 anos,Feminino,Branca,De 5 a 6 salários mínimos,Pós-graduação completa,1 vez por semana,Apreciador interessado,"Apreciador, com interesse pelo tema",Vinho tinto seco,Supermercados,"Preço, Região de origem, Variedade, Curiosidade ou interesse por novos produtos","Qualidade sensorial (sabor, aroma, equilíbrio), Origem das uvas (região/procedência), Clareza e transparência das informações no rótulo, Preço",Muito importante,4.3,Alta frequência,3,1,2,Alta prioridade
146,2026-05-13 15:23:31.679,"Sim, aceito participar",Região Sul,Zona urbana,Acima de 55 anos,Masculino,Amarela,Acima de 6 salários mínimos,Pós-graduação completa,De 2 a 3 vezes por semana,Consumidor ocasional,"Consumidor ocasional, sem conhecimento técnico","Vinho tinto seco, Vinho branco seco","Supermercados, Restaurantes e bares","Preço, Variedade, Vinícola / Produtor, Recomendação (amigos, especialistas, avaliações)","Qualidade sensorial (sabor, aroma, equilíbrio), Sustentabilidade ambiental (menor impacto no cultivo), Clareza e transparência das informações no rótulo, Presença de certificações ou selos ambientais",Extremamente importante,10.8,Alta frequência,4,1,1,Alta prioridade
147,2026-05-13 15:24:25.030,"Sim, aceito participar",Região Sul,Zona urbana,Acima de 55 anos,Masculino,Branca,De 3 a 4 salários mínimos,Pós-graduação completa,1 vez por mês,Apreciador interessado,"Apreciador, com interesse pelo tema",Vinho branco seco,Lojas físicas especializadas,"Preço, Região de origem, Práticas sustentáveis e/ou impacto ambiental, Promoções ou descontos","Qualidade sensorial (sabor, aroma, equilíbrio), Sustentabilidade ambiental (menor impacto no cultivo), Clareza e transparência das informações no rótulo, Presença de certificações ou selos ambientais, Preço",Extremamente importante,1.0,Frequência moderada,4,1,2,Potencial sustentável
148,2026-05-13 15:33:11.722,"Sim, aceito participar",Região Sudeste,Zona urbana,Entre 46 e 55 anos,Masculino,Branca,Acima de 6 salários mínimos,Pós-graduação completa,1 vez por mês,Consumidor ocasional,"Consumidor ocasional, sem conhecimento técnico","Vinho rosé, Vinho espumante, Vinho suave",Supermercados,"Preço, Região de origem, Descrição sensorial (aroma, sabor estilo), Design e informação do rótulo, Promoções ou descontos, Curiosidade ou interesse por novos produtos","Qualidade sensorial (sabor, aroma, equilíbrio), Sustentabilidade ambiental (menor impacto no cultivo), Preço",Extremamente importante,1.0,Frequência moderada,4,1,1,Potencial sustentável
149,2026-05-13 15:40:37.236,"Sim, aceito participar",Região Sul,Zona urbana,Entre 18 e 25 anos,Feminino,Branca,Menos de 1 salário mínimo,Ensino superior completo,De 4 a 6 vezes por semana,Apreciador técnico,"Apreciador, com conhecimentos técnicos","Vinho tinto seco, Vinho branco seco, Vinho rosé, Vinho espumante, Vinho demi-sec","Lojas físicas especializadas, Diretamente em vinícolas","Preço, Região de origem, Vinícola / Produtor, Descrição sensorial (aroma, sabor estilo), Promoções ou descontos, Curiosidade ou interesse por novos produtos","Qualidade sensorial (sabor, aroma, equilíbrio), Origem das uvas (região/procedência), Clareza e transparência das informações no rótulo, Presença de certificações ou selos ambientais",Muito importante,21.5,Alta frequência,3,1,3,Alta prioridade
150,2026-05-13 15:47:49.959,"Sim, aceito participar",Região Sul,Zona urbana,Entre 36 e 45 anos,Feminino,Branca,De 3 a 4 salários mínimos,Pós-graduação completa,1 vez por semana,Apreciador interessado,"Apreciador, com interesse pelo tema","Vinho tinto seco, Vinho branco seco, Vinho rosé, Vinho espumante, Vinho demi-sec","Supermercados, Lojas não especializadas no Paraguai, como Shopping China e Mapy, onde consigo comprar rótulos melhores com menor valor, e também com maior variedade.","Preço, Região de origem, Variedade, Descrição sensorial (aroma, sabor estilo), Promoções ou descontos, Curiosidade ou interesse por novos produtos","Qualidade sensorial (sabor, aroma, equilíbrio), Sustentabilidade ambiental (menor impacto no cultivo), Origem das uvas (região/procedência), Presença de certificações ou selos ambientais",Moderadamente importante,4.3,Alta frequência,2,0,2,Consumidor frequente tradicional
151,2026-05-13 16:05:31.792,"Sim, aceito participar",Região Sudeste,Zona rural,Acima de 55 anos,Feminino,Branca,De 5 a 6 salários mínimos,Pós-graduação completa,1 vez por mês,Consumidor ocasional,"Consumidor ocasional, sem conhecimento técnico","Vinho tinto seco, Vinho espumante, Vinho demi-sec",Supermercados,"Região de origem, Recomendação (amigos, especialistas, avaliações), Descrição sensorial (aroma, sabor estilo), Promoções ou descontos","Qualidade sensorial (sabor, aroma, equilíbrio), Presença de certificações ou selos ambientais, Preço",Muito importante,1.0,Frequência moderada,3,1,1,Potencial sustentável
152,2026-05-13 16:15:43.732,"Sim, aceito participar",Região Sul,Zona urbana,Entre 26 e 35 anos,Feminino,Branca,De 3 a 4 salários mínimos,Pós-graduação completa,1 vez a cada 15 dias,Consumidor ocasional,"Consumidor ocasional, sem conhecimento técnico","Vinho tinto seco, Vinho branco seco, Vinho rosé, Vinho espumante",Supermercados,"Recomendação (amigos, especialistas, avaliações), Descrição sensorial (aroma, sabor estilo), Design e informação do rótulo, Práticas sustentáveis e/ou impacto ambiental, Promoções ou descontos","Qualidade sensorial (sabor, aroma, equilíbrio), Sustentabilidade ambiental (menor impacto no cultivo), Origem das uvas (região/procedência), Clareza e transparência das informações no rótulo, Presença de certificações ou selos ambientais, Preço",Muito importante,2.0,Frequência moderada,3,1,1,Potencial sustentável
153,2026-05-13 16:25:50.192,"Sim, aceito participar",Região Sul,Zona urbana,Entre 26 e 35 anos,Masculino,Branca,De 3 a 4 salários mínimos,Pós-graduação completa,De 2 a 3 vezes por semana,Apreciador técnico,"Apreciador, com conhecimentos técnicos","Vinho tinto seco, Vinho branco seco, Vinho rosé, Vinho espumante, Vinho licoroso e/ou fortificado","Supermercados, Diretamente em vinícolas","Preço, Região de origem, Variedade, Vinícola / Produtor, Curiosidade ou interesse por novos produtos","Qualidade sensorial (sabor, aroma, equilíbrio), Sustentabilidade ambiental (menor impacto no cultivo), Origem das uvas (região/procedência), Clareza e transparência das informações no rótulo, Presença de certificações ou selos ambientais",Muito importante,10.8,Alta frequência,3,1,3,Alta prioridade
154,2026-05-13 16:38:40.901,"Sim, aceito participar",Região Sul,Zona urbana,Entre 26 e 35 anos,Feminino,Branca,De 5 a 6 salários mínimos,Pós-graduação completa,1 vez por semana,Apreciador interessado,"Apreciador, com interesse pelo tema","Vinho tinto seco, Vinho rosé, Vinho espumante","Supermercados, Diretamente em vinícolas, Restaurantes e bares","Descrição sensorial (aroma, sabor estilo)","Qualidade sensorial (sabor, aroma, equilíbrio), Origem das uvas (região/procedência), Clareza e transparência das informações no rótulo, Presença de certificações ou selos ambientais",Extremamente importante,4.3,Alta frequência,4,1,2,Alta prioridade
155,2026-05-13 17:17:05.638,"Sim, aceito participar",Região Sul,Zona urbana,Acima de 55 anos,Feminino,Branca,De 3 a 4 salários mínimos,Ensino superior incompleto,Diariamente,Apreciador interessado,"Apreciador, com interesse pelo tema","Vinho branco seco, Vinho suave","Supermercados, Restaurantes e bares","Preço, Região de origem, Vinícola / Produtor, Curiosidade ou interesse por novos produtos","Qualidade sensorial (sabor, aroma, equilíbrio), Origem das uvas (região/procedência), Preço",Muito importante,30.4,Alta frequência,3,1,2,Alta prioridade
156,2026-05-13 17:17:25.684,"Sim, aceito participar",Região Sul,Zona urbana,Acima de 55 anos,Feminino,Branca,De 3 a 4 salários mínimos,Ensino superior incompleto,Diariamente,Apreciador interessado,"Apreciador, com interesse pelo tema","Vinho branco seco, Vinho suave","Supermercados, Restaurantes e bares","Preço, Região de origem, Vinícola / Produtor, Curiosidade ou interesse por novos produtos","Qualidade sensorial (sabor, aroma, equilíbrio), Origem das uvas (região/procedência), Preço",Muito importante,30.4,Alta frequência,3,1,2,Alta prioridade
157,2026-05-13 18:04:39.668,"Sim, aceito participar",Região Sul,Zona urbana,Acima de 55 anos,Feminino,Branca,Acima de 6 salários mínimos,Pós-graduação completa,1 vez a cada 15 dias,Consumidor ocasional,"Consumidor ocasional, sem conhecimento técnico","Vinho tinto seco, Vinho branco seco","Supermercados, Lojas físicas especializadas","Região de origem, Variedade, Promoções ou descontos","Qualidade sensorial (sabor, aroma, equilíbrio), Sustentabilidade ambiental (menor impacto no cultivo), Origem das uvas (região/procedência), Presença de certificações ou selos ambientais, Preço",Muito importante,2.0,Frequência moderada,3,1,1,Potencial sustentável
158,2026-05-13 20:27:02.667,"Sim, aceito participar",Região Nordeste,Zona urbana,Entre 36 e 45 anos,Feminino,Parda,Menos de 1 salário mínimo,Pós-graduação incompleta,Raramente,Consumidor ocasional,"Consumidor ocasional, sem conhecimento técnico","Vinho tinto seco, Vinho suave",Supermercados,"Região de origem, Recomendação (amigos, especialistas, avaliações), Descrição sensorial (aroma, sabor estilo)","Qualidade sensorial (sabor, aroma, equilíbrio), Origem das uvas (região/procedência)",Muito importante,0.5,Baixa frequência,3,1,1,Potencial sustentável
159,2026-05-13 20:27:42.190,"Sim, aceito participar",Região Sul,Zona urbana,Entre 26 e 35 anos,Feminino,Branca,De 3 a 4 salários mínimos,Ensino superior completo,1 vez a cada 15 dias,Apreciador interessado,"Apreciador, com interesse pelo tema","Vinho tinto seco, Vinho branco seco, Vinho rosé, Vinho espumante","Supermercados, Diretamente em vinícolas","Preço, Região de origem, Variedade, Descrição sensorial (aroma, sabor estilo), Design e informação do rótulo, Curiosidade ou interesse por novos produtos","Qualidade sensorial (sabor, aroma, equilíbrio), Origem das uvas (região/procedência), Clareza e transparência das informações no rótulo",Muito importante,2.0,Frequência moderada,3,1,2,Potencial sustentável
160,2026-05-13 21:31:07.533,"Sim, aceito participar",Região Sul,Zona urbana,Entre 26 e 35 anos,Feminino,Branca,De 3 a 4 salários mínimos,Pós-graduação completa,Raramente,Consumidor ocasional,"Consumidor ocasional, sem conhecimento técnico",Vinho suave,Supermercados,"Preço, Recomendação (amigos, especialistas, avaliações)","Clareza e transparência das informações no rótulo, Presença de certificações ou selos ambientais",Extremamente importante,0.5,Baixa frequência,4,1,1,Potencial sustentável
161,2026-05-13 21:33:13.909,"Sim, aceito participar",Região Sul,Zona urbana,Entre 36 e 45 anos,Feminino,Branca,De 5 a 6 salários mínimos,Pós-graduação incompleta,De 2 a 3 vezes por semana,Apreciador interessado,"Apreciador, com interesse pelo tema","Vinho tinto seco, Vinho branco seco, Vinho rosé","Supermercados, Lojas físicas especializadas","Preço, Variedade, Descrição sensorial (aroma, sabor estilo), Design e informação do rótulo","Qualidade sensorial (sabor, aroma, equilíbrio), Clareza e transparência das informações no rótulo",Muito importante,10.8,Alta frequência,3,1,2,Alta prioridade
162,2026-05-14 08:45:56.803,"Sim, aceito participar",Região Sul,Zona urbana,Entre 46 e 55 anos,Feminino,Branca,Acima de 6 salários mínimos,Pós-graduação completa,Raramente,Consumidor ocasional,"Consumidor ocasional, sem conhecimento técnico","Vinho tinto seco, Vinho espumante",Supermercados,"Preço, Vinícola / Produtor, Recomendação (amigos, especialistas, avaliações), Descrição sensorial (aroma, sabor estilo)","Qualidade sensorial (sabor, aroma, equilíbrio), Sustentabilidade ambiental (menor impacto no cultivo), Clareza e transparência das informações no rótulo, Presença de certificações ou selos ambientais",Muito importante,0.5,Baixa frequência,3,1,1,Potencial sustentável
163,2026-05-14 11:14:50.122,"Sim, aceito participar",Região Sudeste,Zona urbana,Entre 26 e 35 anos,Feminino,Branca,Acima de 6 salários mínimos,Pós-graduação completa,Raramente,Apreciador interessado,"Apreciador, com interesse pelo tema","Vinho espumante, Vinho suave","Supermercados, Diretamente em vinícolas","Vinícola / Produtor, Descrição sensorial (aroma, sabor estilo), Promoções ou descontos","Qualidade sensorial (sabor, aroma, equilíbrio), Sustentabilidade ambiental (menor impacto no cultivo), Clareza e transparência das informações no rótulo, Presença de certificações ou selos ambientais, Preço",Extremamente importante,0.5,Baixa frequência,4,1,2,Potencial sustentável
164,2026-05-14 12:16:25.368,"Sim, aceito participar",Região Sul,Zona urbana,Entre 46 e 55 anos,Feminino,Branca,Acima de 6 salários mínimos,Ensino superior completo,De 2 a 3 vezes por semana,Profissional do setor,"Profissional da área de vinhos (ex.: sommelier, enólogo, atuação na indústria ou enoturismo)","Vinho tinto seco, Vinho espumante","Supermercados, Lojas físicas especializadas, Lojas online especializadas, Diretamente em vinícolas, Restaurantes e bares","Preço, Região de origem, Vinícola / Produtor","Qualidade sensorial (sabor, aroma, equilíbrio), Origem das uvas (região/procedência)",Moderadamente importante,10.8,Alta frequência,2,0,4,Consumidor frequente tradicional
165,2026-05-14 14:16:58.808,"Sim, aceito participar",Região Sul,Zona rural,Entre 36 e 45 anos,Feminino,Branca,Acima de 6 salários mínimos,Pós-graduação completa,Diariamente,Apreciador interessado,"Apreciador, com interesse pelo tema","Vinho tinto seco, Vinho branco seco, Vinho rosé, Vinho espumante","Supermercados, Lojas online especializadas","Preço, Variedade, Promoções ou descontos","Qualidade sensorial (sabor, aroma, equilíbrio), Preço",Extremamente importante,30.4,Alta frequência,4,1,2,Alta prioridade
166,2026-05-14 14:18:16.235,"Sim, aceito participar",Região Sul,Zona urbana,Entre 36 e 45 anos,Feminino,Branca,Prefiro não responder,Pós-graduação completa,1 vez por semana,Apreciador técnico,"Apreciador, com conhecimentos técnicos","Vinho tinto seco, Vinho branco seco, Vinho rosé, Vinho espumante","Supermercados, Lojas físicas especializadas, Lojas online especializadas, Diretamente em vinícolas","Preço, Vinícola / Produtor, Recomendação (amigos, especialistas, avaliações), Descrição sensorial (aroma, sabor estilo), Práticas sustentáveis e/ou impacto ambiental, Promoções ou descontos, Curiosidade ou interesse por novos produtos","Qualidade sensorial (sabor, aroma, equilíbrio), Sustentabilidade ambiental (menor impacto no cultivo), Preço",Extremamente importante,4.3,Alta frequência,4,1,3,Alta prioridade
167,2026-05-14 14:18:53.275,"Sim, aceito participar",Região Sul,Zona urbana,Entre 46 e 55 anos,Feminino,Branca,Acima de 6 salários mínimos,Pós-graduação completa,1 vez por semana,Apreciador técnico,"Apreciador, com conhecimentos técnicos",Não tenho preferência definida,"Supermercados, Lojas físicas especializadas, Lojas online especializadas, Diretamente em vinícolas, Restaurantes e bares","Preço, Região de origem, Variedade, Vinícola / Produtor, Recomendação (amigos, especialistas, avaliações), Promoções ou descontos, Curiosidade ou interesse por novos produtos","Qualidade sensorial (sabor, aroma, equilíbrio), Clareza e transparência das informações no rótulo, Preço",Extremamente importante,4.3,Alta frequência,4,1,3,Alta prioridade
168,2026-05-14 14:21:15.507,"Sim, aceito participar",Região Sul,Zona urbana,Entre 46 e 55 anos,Masculino,Branca,Acima de 6 salários mínimos,Pós-graduação completa,Diariamente,Profissional do setor,"Profissional da área de vinhos (ex.: sommelier, enólogo, atuação na indústria ou enoturismo)","Vinho tinto seco, Vinho branco seco, Vinho rosé, Vinho espumante, Vinho licoroso e/ou fortificado","Supermercados, Lojas físicas especializadas, Lojas online especializadas, Diretamente em vinícolas","Preço, Variedade, Vinícola / Produtor, Recomendação (amigos, especialistas, avaliações), Promoções ou descontos, Curiosidade ou interesse por novos produtos","Qualidade sensorial (sabor, aroma, equilíbrio), Origem das uvas (região/procedência), Clareza e transparência das informações no rótulo, Preço",Muito importante,30.4,Alta frequência,3,1,4,Alta prioridade
169,2026-05-14 14:22:32.666,"Sim, aceito participar",Região Sul,Zona urbana,Entre 36 e 45 anos,Feminino,Branca,De 3 a 4 salários mínimos,Pós-graduação completa,1 vez por semana,Apreciador técnico,"Apreciador, com conhecimentos técnicos","Vinho tinto seco, Vinho branco seco","Supermercados, Lojas físicas especializadas, Lojas online especializadas","Preço, Variedade, Vinícola / Produtor, Recomendação (amigos, especialistas, avaliações)","Qualidade sensorial (sabor, aroma, equilíbrio), Clareza e transparência das informações no rótulo, Preço",Muito importante,4.3,Alta frequência,3,1,3,Alta prioridade
170,2026-05-14 14:24:56.386,"Sim, aceito participar",Região Sul,Zona urbana,Entre 36 e 45 anos,Masculino,Branca,Acima de 6 salários mínimos,Pós-graduação completa,1 vez por mês,Consumidor ocasional,"Consumidor ocasional, sem conhecimento técnico","Vinho tinto seco, Vinho branco seco, Vinho rosé, Vinho espumante, Vinho demi-sec","Supermercados, Lojas físicas especializadas","Preço, Recomendação (amigos, especialistas, avaliações), Design e informação do rótulo, Promoções ou descontos, Curiosidade ou interesse por novos produtos","Sustentabilidade ambiental (menor impacto no cultivo), Presença de certificações ou selos ambientais",Muito importante,1.0,Frequência moderada,3,1,1,Potencial sustentável
171,2026-05-14 14:29:49.233,"Sim, aceito participar",Região Sudeste,Zona urbana,Entre 46 e 55 anos,Masculino,Branca,Acima de 6 salários mínimos,Pós-graduação completa,Diariamente,Profissional do setor,"Profissional da área de vinhos (ex.: sommelier, enólogo, atuação na indústria ou enoturismo)","Vinho tinto seco, Vinho branco seco, Vinho rosé, Vinho espumante, Vinho licoroso e/ou fortificado","Lojas físicas especializadas, Lojas online especializadas, Diretamente em vinícolas","Preço, Região de origem, Variedade, Vinícola / Produtor, Práticas sustentáveis e/ou impacto ambiental, Promoções ou descontos, Curiosidade ou interesse por novos produtos","Qualidade sensorial (sabor, aroma, equilíbrio), Sustentabilidade ambiental (menor impacto no cultivo), Presença de certificações ou selos ambientais, Preço, Grau de inovação do produto",Muito importante,30.4,Alta frequência,3,1,4,Alta prioridade
172,2026-05-14 14:30:54.462,"Sim, aceito participar",Região Sul,Zona urbana,Entre 46 e 55 anos,Masculino,Branca,Acima de 6 salários mínimos,Pós-graduação incompleta,De 2 a 3 vezes por semana,Apreciador interessado,"Apreciador, com interesse pelo tema","Vinho tinto seco, Vinho espumante","Lojas físicas especializadas, Lojas online especializadas","Preço, Variedade, Recomendação (amigos, especialistas, avaliações), Curiosidade ou interesse por novos produtos","Qualidade sensorial (sabor, aroma, equilíbrio), Preço",Extremamente importante,10.8,Alta frequência,4,1,2,Alta prioridade
173,2026-05-14 14:35:28.468,"Sim, aceito participar",Região Sul,Zona urbana,Acima de 55 anos,Masculino,Parda,Acima de 6 salários mínimos,Ensino superior completo,De 4 a 6 vezes por semana,Apreciador técnico,"Apreciador, com conhecimentos técnicos",Vinho tinto seco,Supermercados,"Preço, Região de origem, Variedade, Promoções ou descontos","Qualidade sensorial (sabor, aroma, equilíbrio), Sustentabilidade ambiental (menor impacto no cultivo), Presença de certificações ou selos ambientais, Preço",Moderadamente importante,21.5,Alta frequência,2,0,3,Consumidor frequente tradicional
174,2026-05-14 14:41:52.475,"Sim, aceito participar",Região Sudeste,Zona urbana,Entre 26 e 35 anos,Masculino,Branca,De 5 a 6 salários mínimos,Ensino superior completo,Raramente,Apreciador interessado,"Apreciador, com interesse pelo tema","Vinho tinto seco, Vinho espumante, Vinho demi-sec","Supermercados, Lojas online especializadas, Restaurantes e bares, Aplicativos de delivery de bebidas","Preço, Região de origem, Variedade, Vinícola / Produtor, Recomendação (amigos, especialistas, avaliações), Descrição sensorial (aroma, sabor estilo), Design e informação do rótulo, Práticas sustentáveis e/ou impacto ambiental, Promoções ou descontos, Curiosidade ou interesse por novos produtos, Estação do ano e harmonização","Qualidade sensorial (sabor, aroma, equilíbrio), Clareza e transparência das informações no rótulo, Preço",Moderadamente importante,0.5,Baixa frequência,2,0,2,Baixa prioridade
175,2026-05-14 14:42:55.279,"Sim, aceito participar",Região Sul,Zona urbana,Entre 46 e 55 anos,Masculino,Branca,Acima de 6 salários mínimos,Pós-graduação completa,1 vez a cada 15 dias,Apreciador interessado,"Apreciador, com interesse pelo tema","Vinho branco seco, Vinho rosé, Vinho espumante","Supermercados, Lojas físicas especializadas, Diretamente em vinícolas, Restaurantes e bares","Preço, Região de origem, Variedade, Recomendação (amigos, especialistas, avaliações), Descrição sensorial (aroma, sabor estilo)","Qualidade sensorial (sabor, aroma, equilíbrio), Origem das uvas (região/procedência), Clareza e transparência das informações no rótulo, Preço",Muito importante,2.0,Frequência moderada,3,1,2,Potencial sustentável
176,2026-05-14 14:45:40.285,"Sim, aceito participar",Região Sul,Zona urbana,Entre 36 e 45 anos,Masculino,Branca,Acima de 6 salários mínimos,Pós-graduação completa,1 vez a cada 15 dias,Apreciador interessado,"Apreciador, com interesse pelo tema","Vinho tinto seco, Vinho branco seco, Vinho rosé, Vinho espumante","Lojas físicas especializadas, Lojas online especializadas","Preço, Variedade, Recomendação (amigos, especialistas, avaliações), Promoções ou descontos, Curiosidade ou interesse por novos produtos","Qualidade sensorial (sabor, aroma, equilíbrio), Clareza e transparência das informações no rótulo, Presença de certificações ou selos ambientais, Preço",Moderadamente importante,2.0,Frequência moderada,2,0,2,Baixa prioridade
177,2026-05-14 14:47:16.253,"Sim, aceito participar",Região Sudeste,Zona urbana,Acima de 55 anos,Masculino,Branca,Acima de 6 salários mínimos,Ensino superior completo,1 vez por semana,Apreciador técnico,"Apreciador, com conhecimentos técnicos","Vinho tinto seco, Vinho branco seco, Vinho espumante, Vinho demi-sec, Vinho licoroso e/ou fortificado","Supermercados, Lojas online especializadas, Diretamente em vinícolas","Preço, Região de origem, Variedade, Design e informação do rótulo, Promoções ou descontos, Curiosidade ou interesse por novos produtos","Qualidade sensorial (sabor, aroma, equilíbrio), Origem das uvas (região/procedência), Clareza e transparência das informações no rótulo, Preço",Extremamente importante,4.3,Alta frequência,4,1,3,Alta prioridade
178,2026-05-14 14:49:26.300,"Sim, aceito participar",Região Sudeste,Zona urbana,Entre 36 e 45 anos,Feminino,Branca,Acima de 6 salários mínimos,Pós-graduação completa,1 vez por semana,Apreciador técnico,"Apreciador, com conhecimentos técnicos","Vinho tinto seco, Vinho branco seco, Vinho rosé, Vinho espumante, Vinho demi-sec","Supermercados, Restaurantes e bares","Preço, Região de origem, Variedade, Vinícola / Produtor, Recomendação (amigos, especialistas, avaliações), Descrição sensorial (aroma, sabor estilo), Curiosidade ou interesse por novos produtos","Qualidade sensorial (sabor, aroma, equilíbrio), Sustentabilidade ambiental (menor impacto no cultivo), Origem das uvas (região/procedência), Clareza e transparência das informações no rótulo, Presença de certificações ou selos ambientais, Preço",Extremamente importante,4.3,Alta frequência,4,1,3,Alta prioridade
179,2026-05-14 15:03:59.832,"Sim, aceito participar",Região Nordeste,Zona urbana,Entre 46 e 55 anos,Masculino,Branca,Acima de 6 salários mínimos,Pós-graduação completa,Raramente,Apreciador interessado,"Apreciador, com interesse pelo tema","Vinho tinto seco, Vinho espumante, Vinho demi-sec, Vinho licoroso e/ou fortificado","Supermercados, Lojas físicas especializadas, Lojas online especializadas","Região de origem, Vinícola / Produtor, Curiosidade ou interesse por novos produtos","Origem das uvas (região/procedência), Clareza e transparência das informações no rótulo, Preço",Pouco importante,0.5,Baixa frequência,1,0,2,Baixa prioridade
180,2026-05-14 15:14:19.542,"Sim, aceito participar",Região Sul,Zona urbana,Acima de 55 anos,Masculino,Branca,Acima de 6 salários mínimos,Pós-graduação completa,De 2 a 3 vezes por semana,Apreciador interessado,"Apreciador, com interesse pelo tema","Vinho tinto seco, Vinho branco seco, Vinho espumante, Vinho licoroso e/ou fortificado","Supermercados, Lojas físicas especializadas","Região de origem, Variedade, Recomendação (amigos, especialistas, avaliações), Promoções ou descontos","Qualidade sensorial (sabor, aroma, equilíbrio), Sustentabilidade ambiental (menor impacto no cultivo), Origem das uvas (região/procedência), Preço",Muito importante,10.8,Alta frequência,3,1,2,Alta prioridade
181,2026-05-14 15:20:46.399,"Sim, aceito participar",Região Sul,Zona urbana,Entre 46 e 55 anos,Masculino,Branca,Acima de 6 salários mínimos,Pós-graduação completa,De 4 a 6 vezes por semana,Apreciador técnico,"Apreciador, com conhecimentos técnicos","Vinho tinto seco, Vinho branco seco, Vinho espumante","Lojas físicas especializadas, Lojas online especializadas","Região de origem, Variedade","Qualidade sensorial (sabor, aroma, equilíbrio), Origem das uvas (região/procedência)",Pouco importante,21.5,Alta frequência,1,0,3,Consumidor frequente tradicional
182,2026-05-14 15:21:02.213,"Sim, aceito participar",Região Sul,Zona urbana,Acima de 55 anos,Masculino,Branca,Acima de 6 salários mínimos,Pós-graduação completa,Diariamente,Apreciador técnico,"Apreciador, com conhecimentos técnicos","Vinho tinto seco, Vinho branco seco, Vinho rosé, Vinho espumante",Diretamente em vinícolas,"Preço, Região de origem, Variedade, Vinícola / Produtor, Recomendação (amigos, especialistas, avaliações)","Qualidade sensorial (sabor, aroma, equilíbrio), Origem das uvas (região/procedência), Clareza e transparência das informações no rótulo, Preço, Grau de inovação do produto",Muito importante,30.4,Alta frequência,3,1,3,Alta prioridade
183,2026-05-14 15:35:29.865,"Sim, aceito participar",Região Sul,Zona urbana,Acima de 55 anos,Masculino,Branca,Acima de 6 salários mínimos,Pós-graduação completa,De 2 a 3 vezes por semana,Apreciador técnico,"Apreciador, com conhecimentos técnicos",Vinho tinto seco,"Supermercados, Lojas físicas especializadas, Lojas online especializadas","Preço, Região de origem, Variedade, Vinícola / Produtor, Curiosidade ou interesse por novos produtos","Qualidade sensorial (sabor, aroma, equilíbrio), Origem das uvas (região/procedência), Preço",Pouco importante,10.8,Alta frequência,1,0,3,Consumidor frequente tradicional
184,2026-05-14 15:42:39.329,"Sim, aceito participar",Região Sul,Zona urbana,Entre 46 e 55 anos,Feminino,Branca,Acima de 6 salários mínimos,Pós-graduação completa,De 4 a 6 vezes por semana,Apreciador interessado,"Apreciador, com interesse pelo tema","Vinho tinto seco, Vinho branco seco","Supermercados, Lojas físicas especializadas, Lojas online especializadas, Diretamente em vinícolas","Preço, Região de origem, Variedade, Vinícola / Produtor, Promoções ou descontos","Origem das uvas (região/procedência), Preço",Muito importante,21.5,Alta frequência,3,1,2,Alta prioridade
185,2026-05-14 15:54:01.412,"Sim, aceito participar",Região Nordeste,Zona urbana,Acima de 55 anos,Masculino,Parda,Acima de 6 salários mínimos,Pós-graduação completa,De 2 a 3 vezes por semana,Apreciador interessado,"Apreciador, com interesse pelo tema","Vinho tinto seco, Vinho branco seco, Vinho rosé, Vinho espumante, Vinho demi-sec","Lojas físicas especializadas, Lojas online especializadas","Preço, Região de origem, Variedade, Vinícola / Produtor, Recomendação (amigos, especialistas, avaliações)","Sustentabilidade ambiental (menor impacto no cultivo), Clareza e transparência das informações no rótulo, Presença de certificações ou selos ambientais",Moderadamente importante,10.8,Alta frequência,2,0,2,Consumidor frequente tradicional
186,2026-05-14 16:22:31.980,"Sim, aceito participar",Região Sudeste,Zona urbana,Acima de 55 anos,Feminino,Branca,Prefiro não responder,Ensino superior completo,De 2 a 3 vezes por semana,Apreciador técnico,"Apreciador, com conhecimentos técnicos","Vinho tinto seco, Vinho branco seco, Vinho espumante","Supermercados, Restaurantes e bares","Preço, Região de origem, Variedade, Vinícola / Produtor, Recomendação (amigos, especialistas, avaliações), Descrição sensorial (aroma, sabor estilo), Promoções ou descontos","Qualidade sensorial (sabor, aroma, equilíbrio), Sustentabilidade ambiental (menor impacto no cultivo), Origem das uvas (região/procedência), Clareza e transparência das informações no rótulo, Presença de certificações ou selos ambientais, Preço, Grau de inovação do produto",Muito importante,10.8,Alta frequência,3,1,3,Alta prioridade
187,2026-05-14 16:35:12.932,"Sim, aceito participar",Região Sul,Zona urbana,Entre 26 e 35 anos,Prefiro não informar,Branca,De 3 a 4 salários mínimos,Pós-graduação completa,1 vez por semana,Apreciador técnico,"Apreciador, com conhecimentos técnicos","Vinho tinto seco, Vinho branco seco, Vinho rosé, Vinho espumante","Supermercados, Restaurantes e bares","Preço, Região de origem, Recomendação (amigos, especialistas, avaliações), Descrição sensorial (aroma, sabor estilo), Design e informação do rótulo, Promoções ou descontos","Qualidade sensorial (sabor, aroma, equilíbrio), Sustentabilidade ambiental (menor impacto no cultivo), Origem das uvas (região/procedência), Clareza e transparência das informações no rótulo, Presença de certificações ou selos ambientais",Extremamente importante,4.3,Alta frequência,4,1,3,Alta prioridade
188,2026-05-14 16:40:11.318,"Sim, aceito participar",Região Sul,Zona urbana,Acima de 55 anos,Feminino,Branca,Prefiro não responder,Pós-graduação completa,1 vez por semana,Apreciador interessado,"Apreciador, com interesse pelo tema",Vinho tinto seco,Supermercados,Vinícola / Produtor,"Qualidade sensorial (sabor, aroma, equilíbrio), Clareza e transparência das informações no rótulo",Extremamente importante,4.3,Alta frequência,4,1,2,Alta prioridade
189,2026-05-14 16:43:03.564,"Sim, aceito participar",Região Sudeste,Zona urbana,Entre 36 e 45 anos,Masculino,Amarela,Acima de 6 salários mínimos,Pós-graduação incompleta,1 vez por mês,Apreciador interessado,"Apreciador, com interesse pelo tema","Vinho tinto seco, Vinho branco seco","Supermercados, Lojas online especializadas, Restaurantes e bares","Preço, Região de origem, Variedade, Vinícola / Produtor","Qualidade sensorial (sabor, aroma, equilíbrio), Sustentabilidade ambiental (menor impacto no cultivo), Clareza e transparência das informações no rótulo",Extremamente importante,1.0,Frequência moderada,4,1,2,Potencial sustentável
190,2026-05-14 16:54:56.909,"Sim, aceito participar",Região Sul,Zona urbana,Entre 26 e 35 anos,Feminino,Branca,De 1 a 2 salários mínimos,Ensino superior incompleto,1 vez por semana,Apreciador técnico,"Apreciador, com conhecimentos técnicos","Vinho tinto seco, Vinho branco seco, Vinho rosé, Vinho espumante","Supermercados, Restaurantes e bares","Preço, Região de origem, Variedade","Qualidade sensorial (sabor, aroma, equilíbrio), Sustentabilidade ambiental (menor impacto no cultivo), Clareza e transparência das informações no rótulo, Presença de certificações ou selos ambientais",Extremamente importante,4.3,Alta frequência,4,1,3,Alta prioridade
191,2026-05-14 16:57:52.921,"Sim, aceito participar",Região Sul,Zona urbana,Entre 26 e 35 anos,Feminino,Branca,De 3 a 4 salários mínimos,Ensino superior completo,De 2 a 3 vezes por semana,Apreciador interessado,"Apreciador, com interesse pelo tema","Vinho tinto seco, Vinho branco seco, Vinho rosé","Supermercados, Diretamente em vinícolas","Preço, Variedade, Vinícola / Produtor, Recomendação (amigos, especialistas, avaliações), Curiosidade ou interesse por novos produtos","Qualidade sensorial (sabor, aroma, equilíbrio), Sustentabilidade ambiental (menor impacto no cultivo), Origem das uvas (região/procedência), Grau de inovação do produto",Muito importante,10.8,Alta frequência,3,1,2,Alta prioridade
192,2026-05-14 17:00:47.059,"Sim, aceito participar",Região Sul,Zona urbana,Entre 18 e 25 anos,Feminino,Branca,Acima de 6 salários mínimos,Ensino superior incompleto,1 vez por semana,Consumidor ocasional,"Consumidor ocasional, sem conhecimento técnico",Vinho suave,Supermercados,"Recomendação (amigos, especialistas, avaliações)",Clareza e transparência das informações no rótulo,Muito importante,4.3,Alta frequência,3,1,1,Alta prioridade
193,2026-05-14 17:24:00.777,"Sim, aceito participar",Região Sul,Zona urbana,Entre 46 e 55 anos,Masculino,Branca,Acima de 6 salários mínimos,Ensino superior completo,De 2 a 3 vezes por semana,Apreciador técnico,"Apreciador, com conhecimentos técnicos","Vinho tinto seco, Vinho branco seco","Supermercados, Lojas físicas especializadas, Restaurantes e bares","Região de origem, Variedade, Recomendação (amigos, especialistas, avaliações), Promoções ou descontos, Curiosidade ou interesse por novos produtos","Qualidade sensorial (sabor, aroma, equilíbrio), Clareza e transparência das informações no rótulo, Preço",Muito importante,10.8,Alta frequência,3,1,3,Alta prioridade
194,2026-05-14 17:35:38.213,"Sim, aceito participar",Região Sudeste,Zona urbana,Entre 46 e 55 anos,Feminino,Branca,Acima de 6 salários mínimos,Ensino superior completo,De 4 a 6 vezes por semana,Profissional do setor,"Profissional da área de vinhos (ex.: sommelier, enólogo, atuação na indústria ou enoturismo)","Vinho tinto seco, Vinho branco seco, Vinho rosé, Vinho espumante","Supermercados, Lojas físicas especializadas, Restaurantes e bares","Preço, Região de origem, Variedade, Vinícola / Produtor, Descrição sensorial (aroma, sabor estilo), Práticas sustentáveis e/ou impacto ambiental, Promoções ou descontos, Curiosidade ou interesse por novos produtos","Qualidade sensorial (sabor, aroma, equilíbrio), Sustentabilidade ambiental (menor impacto no cultivo), Origem das uvas (região/procedência), Clareza e transparência das informações no rótulo, Presença de certificações ou selos ambientais",Muito importante,21.5,Alta frequência,3,1,4,Alta prioridade
195,2026-05-14 17:38:59.809,"Sim, aceito participar",Região Sul,Zona urbana,Entre 26 e 35 anos,Feminino,Branca,De 3 a 4 salários mínimos,Pós-graduação completa,1 vez a cada 15 dias,Apreciador interessado,"Apreciador, com interesse pelo tema","Vinho tinto seco, Vinho branco seco, Vinho rosé, Vinho espumante","Supermercados, Diretamente em vinícolas","Preço, Região de origem, Variedade, Vinícola / Produtor, Recomendação (amigos, especialistas, avaliações), Design e informação do rótulo, Promoções ou descontos","Qualidade sensorial (sabor, aroma, equilíbrio), Sustentabilidade ambiental (menor impacto no cultivo), Origem das uvas (região/procedência), Clareza e transparência das informações no rótulo, Preço",Muito importante,2.0,Frequência moderada,3,1,2,Potencial sustentável
196,2026-05-14 17:47:22.164,"Sim, aceito participar",Região Sul,Zona urbana,Entre 36 e 45 anos,Masculino,Branca,Acima de 6 salários mínimos,Pós-graduação completa,De 2 a 3 vezes por semana,Apreciador interessado,"Apreciador, com interesse pelo tema","Vinho tinto seco, Vinho branco seco, Vinho rosé","Supermercados, Lojas físicas especializadas, Lojas online especializadas, Diretamente em vinícolas","Preço, Região de origem, Recomendação (amigos, especialistas, avaliações), Promoções ou descontos, Curiosidade ou interesse por novos produtos","Clareza e transparência das informações no rótulo, Preço, Grau de inovação do produto",Moderadamente importante,10.8,Alta frequência,2,0,2,Consumidor frequente tradicional
197,2026-05-14 17:53:47.155,"Sim, aceito participar",Região Sul,Zona urbana,Entre 18 e 25 anos,Masculino,Branca,Menos de 1 salário mínimo,Prefiro não responder,De 2 a 3 vezes por semana,Apreciador técnico,"Apreciador, com conhecimentos técnicos","Vinho tinto seco, Vinho branco seco, Vinho espumante","Supermercados, Lojas físicas especializadas","Preço, Região de origem, Variedade, Curiosidade ou interesse por novos produtos","Qualidade sensorial (sabor, aroma, equilíbrio), Origem das uvas (região/procedência), Clareza e transparência das informações no rótulo, Presença de certificações ou selos ambientais",Muito importante,10.8,Alta frequência,3,1,3,Alta prioridade
198,2026-05-14 18:09:11.675,"Sim, aceito participar",Região Sul,Zona urbana,Entre 18 e 25 anos,Feminino,Branca,De 5 a 6 salários mínimos,Ensino superior incompleto,Raramente,Consumidor ocasional,"Consumidor ocasional, sem conhecimento técnico","Vinho tinto seco, Vinho branco seco, Vinho rosé, Vinho espumante, Vinho suave",Supermercados,"Preço, Região de origem, Variedade, Recomendação (amigos, especialistas, avaliações)","Qualidade sensorial (sabor, aroma, equilíbrio), Origem das uvas (região/procedência), Presença de certificações ou selos ambientais",Muito importante,0.5,Baixa frequência,3,1,1,Potencial sustentável
199,2026-05-14 18:21:59.788,"Sim, aceito participar",Região Sul,Zona rural,Entre 36 e 45 anos,Feminino,Branca,De 3 a 4 salários mínimos,Pós-graduação completa,De 4 a 6 vezes por semana,Profissional do setor,"Profissional da área de vinhos (ex.: sommelier, enólogo, atuação na indústria ou enoturismo)","Vinho tinto seco, Vinho branco seco, Vinho rosé, Vinho espumante","Lojas físicas especializadas, Lojas online especializadas","Preço, Região de origem, Variedade, Vinícola / Produtor, Práticas sustentáveis e/ou impacto ambiental, Curiosidade ou interesse por novos produtos","Qualidade sensorial (sabor, aroma, equilíbrio), Sustentabilidade ambiental (menor impacto no cultivo)",Extremamente importante,21.5,Alta frequência,4,1,4,Alta prioridade
200,2026-05-14 18:48:00.222,"Sim, aceito participar",Região Sul,Zona urbana,Acima de 55 anos,Masculino,Branca,Prefiro não responder,Pós-graduação completa,De 2 a 3 vezes por semana,Apreciador interessado,"Apreciador, com interesse pelo tema","Vinho tinto seco, Vinho branco seco, Vinho rosé, Vinho espumante","Supermercados, Lojas físicas especializadas, Lojas online especializadas, Diretamente em vinícolas","Preço, Região de origem, Variedade, Vinícola / Produtor, Descrição sensorial (aroma, sabor estilo), Promoções ou descontos, Curiosidade ou interesse por novos produtos","Qualidade sensorial (sabor, aroma, equilíbrio), Origem das uvas (região/procedência), Clareza e transparência das informações no rótulo, Preço, Grau de inovação do produto",Moderadamente importante,10.8,Alta frequência,2,0,2,Consumidor frequente tradicional
201,2026-05-14 18:50:09.345,"Sim, aceito participar",Região Sul,Zona urbana,Entre 26 e 35 anos,Feminino,Branca,De 3 a 4 salários mínimos,Ensino superior completo,De 2 a 3 vezes por semana,Apreciador interessado,"Apreciador, com interesse pelo tema","Vinho tinto seco, Vinho branco seco, Vinho demi-sec","Supermercados, Lojas físicas especializadas, Lojas online especializadas, Diretamente em vinícolas, Restaurantes e bares","Preço, Recomendação (amigos, especialistas, avaliações), Descrição sensorial (aroma, sabor estilo), Curiosidade ou interesse por novos produtos","Qualidade sensorial (sabor, aroma, equilíbrio), Origem das uvas (região/procedência), Clareza e transparência das informações no rótulo, Preço",Muito importante,10.8,Alta frequência,3,1,2,Alta prioridade
202,2026-05-14 19:27:39.287,"Sim, aceito participar",Região Sul,Zona urbana,Entre 26 e 35 anos,Masculino,Branca,Acima de 6 salários mínimos,Ensino superior incompleto,De 2 a 3 vezes por semana,Apreciador interessado,"Apreciador, com interesse pelo tema","Vinho tinto seco, Vinho branco seco, Vinho rosé, Vinho licoroso e/ou fortificado","Supermercados, Lojas online especializadas, Diretamente em vinícolas","Preço, Região de origem, Recomendação (amigos, especialistas, avaliações), Design e informação do rótulo, Práticas sustentáveis e/ou impacto ambiental, Promoções ou descontos, Curiosidade ou interesse por novos produtos","Qualidade sensorial (sabor, aroma, equilíbrio), Origem das uvas (região/procedência), Preço",Muito importante,10.8,Alta frequência,3,1,2,Alta prioridade
203,2026-05-14 19:40:49.758,"Sim, aceito participar",Região Sul,Zona urbana,Entre 36 e 45 anos,Masculino,Branca,De 5 a 6 salários mínimos,Pós-graduação completa,1 vez por mês,Consumidor ocasional,"Consumidor ocasional, sem conhecimento técnico","Vinho tinto seco, Vinho branco seco, Vinho rosé, Vinho espumante",Supermercados,"Preço, Variedade, Descrição sensorial (aroma, sabor estilo), Design e informação do rótulo, Promoções ou descontos","Qualidade sensorial (sabor, aroma, equilíbrio), Clareza e transparência das informações no rótulo, Preço",Muito importante,1.0,Frequência moderada,3,1,1,Potencial sustentável
204,2026-05-14 20:22:10.637,"Sim, aceito participar",Região Sudeste,Zona urbana,Acima de 55 anos,Masculino,Branca,Acima de 6 salários mínimos,Pós-graduação completa,1 vez por mês,Consumidor ocasional,"Consumidor ocasional, sem conhecimento técnico",Não tenho preferência definida,Lojas físicas especializadas,"Recomendação (amigos, especialistas, avaliações)","Qualidade sensorial (sabor, aroma, equilíbrio)",Muito importante,1.0,Frequência moderada,3,1,1,Potencial sustentável
205,2026-05-14 21:24:51.715,"Sim, aceito participar",Região Sul,Zona urbana,Entre 26 e 35 anos,Feminino,Branca,De 1 a 2 salários mínimos,Pós-graduação completa,Raramente,Consumidor ocasional,"Consumidor ocasional, sem conhecimento técnico","Vinho tinto seco, Vinho rosé, Vinho espumante, Vinho suave, Vinho demi-sec",Supermercados,"Preço, Variedade, Recomendação (amigos, especialistas, avaliações), Descrição sensorial (aroma, sabor estilo), Design e informação do rótulo, Promoções ou descontos","Qualidade sensorial (sabor, aroma, equilíbrio), Sustentabilidade ambiental (menor impacto no cultivo), Origem das uvas (região/procedência), Clareza e transparência das informações no rótulo, Presença de certificações ou selos ambientais, Preço, Grau de inovação do produto",Muito importante,0.5,Baixa frequência,3,1,1,Potencial sustentável
206,2026-05-14 21:33:50.131,"Sim, aceito participar",Região Sul,Zona urbana,Acima de 55 anos,Feminino,Branca,Acima de 6 salários mínimos,Pós-graduação completa,De 2 a 3 vezes por semana,Apreciador técnico,"Apreciador, com conhecimentos técnicos",Vinho tinto seco,"Lojas físicas especializadas, Lojas online especializadas, Diretamente em vinícolas","Preço, Variedade, Vinícola / Produtor, Recomendação (amigos, especialistas, avaliações), Descrição sensorial (aroma, sabor estilo), Curiosidade ou interesse por novos produtos","Qualidade sensorial (sabor, aroma, equilíbrio), Sustentabilidade ambiental (menor impacto no cultivo), Origem das uvas (região/procedência), Clareza e transparência das informações no rótulo, Presença de certificações ou selos ambientais, Preço",Extremamente importante,10.8,Alta frequência,4,1,3,Alta prioridade
207,2026-05-14 23:02:12.333,"Sim, aceito participar",Região Sul,Zona urbana,Entre 36 e 45 anos,Masculino,Branca,Acima de 6 salários mínimos,Ensino superior incompleto,De 2 a 3 vezes por semana,Apreciador interessado,"Apreciador, com interesse pelo tema",Vinho tinto seco,Lojas físicas especializadas,"Região de origem, Recomendação (amigos, especialistas, avaliações), Promoções ou descontos, Curiosidade ou interesse por novos produtos","Qualidade sensorial (sabor, aroma, equilíbrio)",Muito importante,10.8,Alta frequência,3,1,2,Alta prioridade
208,2026-05-15 00:59:01.905,"Sim, aceito participar",Região Sudeste,Zona urbana,Entre 36 e 45 anos,Masculino,Branca,De 5 a 6 salários mínimos,Ensino superior completo,1 vez a cada 15 dias,Consumidor ocasional,"Consumidor ocasional, sem conhecimento técnico","Vinho tinto seco, Vinho rosé, Vinho espumante",Supermercados,"Preço, Região de origem, Design e informação do rótulo, Promoções ou descontos","Qualidade sensorial (sabor, aroma, equilíbrio), Origem das uvas (região/procedência), Preço",Muito importante,2.0,Frequência moderada,3,1,1,Potencial sustentável
209,2026-05-15 01:57:10.296,"Sim, aceito participar",Região Sul,Zona urbana,Entre 46 e 55 anos,Masculino,Branca,Acima de 6 salários mínimos,Ensino superior completo,Diariamente,Profissional do setor,"Profissional da área de vinhos (ex.: sommelier, enólogo, atuação na indústria ou enoturismo)","Vinho tinto seco, Vinho branco seco, Vinho rosé, Vinho espumante, Vinho licoroso e/ou fortificado","Supermercados, Lojas físicas especializadas, Lojas online especializadas","Preço, Região de origem, Variedade, Vinícola / Produtor, Descrição sensorial (aroma, sabor estilo), Práticas sustentáveis e/ou impacto ambiental, Curiosidade ou interesse por novos produtos","Qualidade sensorial (sabor, aroma, equilíbrio), Sustentabilidade ambiental (menor impacto no cultivo), Origem das uvas (região/procedência), Presença de certificações ou selos ambientais, Grau de inovação do produto",Extremamente importante,30.4,Alta frequência,4,1,4,Alta prioridade
210,2026-05-15 06:56:09.796,"Sim, aceito participar",Região Sul,Zona urbana,Acima de 55 anos,Feminino,Branca,Acima de 6 salários mínimos,Pós-graduação completa,Raramente,Apreciador técnico,"Apreciador, com conhecimentos técnicos","Vinho tinto seco, Vinho branco seco, Vinho espumante","Supermercados, Diretamente em vinícolas, Restaurantes e bares","Região de origem, Variedade, Vinícola / Produtor","Sustentabilidade ambiental (menor impacto no cultivo), Origem das uvas (região/procedência), Presença de certificações ou selos ambientais",Muito importante,0.5,Baixa frequência,3,1,3,Potencial sustentável
211,2026-05-15 08:25:07.291,"Sim, aceito participar",Região Sul,Zona urbana,Entre 36 e 45 anos,Masculino,Branca,Acima de 6 salários mínimos,Pós-graduação completa,Diariamente,Profissional do setor,"Profissional da área de vinhos (ex.: sommelier, enólogo, atuação na indústria ou enoturismo)","Vinho tinto seco, Vinho branco seco, Vinho rosé, Vinho espumante, Vinho demi-sec, Vinho licoroso e/ou fortificado","Supermercados, Lojas online especializadas","Preço, Região de origem, Variedade, Vinícola / Produtor","Qualidade sensorial (sabor, aroma, equilíbrio)",Pouco importante,30.4,Alta frequência,1,0,4,Consumidor frequente tradicional
212,2026-05-15 08:59:38.938,"Sim, aceito participar",Região Sul,Zona urbana,Entre 46 e 55 anos,Masculino,Branca,Menos de 1 salário mínimo,Ensino superior completo,1 vez por semana,Apreciador interessado,"Apreciador, com interesse pelo tema",Vinho tinto seco,"Supermercados, free shop","Preço, Variedade, Vinícola / Produtor, Recomendação (amigos, especialistas, avaliações), Descrição sensorial (aroma, sabor estilo), Promoções ou descontos","Qualidade sensorial (sabor, aroma, equilíbrio), Clareza e transparência das informações no rótulo, Preço",Muito importante,4.3,Alta frequência,3,1,2,Alta prioridade
213,2026-05-15 10:13:00.787,"Sim, aceito participar",Região Sul,Zona urbana,Entre 46 e 55 anos,Feminino,Branca,Acima de 6 salários mínimos,Pós-graduação completa,De 4 a 6 vezes por semana,Apreciador interessado,"Apreciador, com interesse pelo tema","Vinho tinto seco, Vinho branco seco, Vinho rosé","Supermercados, Lojas online especializadas","Preço, Região de origem, Variedade, Vinícola / Produtor, Design e informação do rótulo","Qualidade sensorial (sabor, aroma, equilíbrio), Sustentabilidade ambiental (menor impacto no cultivo), Clareza e transparência das informações no rótulo, Presença de certificações ou selos ambientais, Preço",Extremamente importante,21.5,Alta frequência,4,1,2,Alta prioridade
214,2026-05-15 12:04:25.812,"Sim, aceito participar",Região Sul,Zona urbana,Entre 46 e 55 anos,Masculino,Branca,Acima de 6 salários mínimos,Pós-graduação completa,De 2 a 3 vezes por semana,Apreciador interessado,"Apreciador, com interesse pelo tema","Vinho tinto seco, Vinho branco seco, Vinho espumante","Supermercados, Lojas físicas especializadas, Restaurantes e bares","Preço, Variedade, Vinícola / Produtor, Recomendação (amigos, especialistas, avaliações), Promoções ou descontos, Curiosidade ou interesse por novos produtos","Qualidade sensorial (sabor, aroma, equilíbrio), Clareza e transparência das informações no rótulo, Preço",Muito importante,10.8,Alta frequência,3,1,2,Alta prioridade
215,2026-05-15 15:57:27.732,"Sim, aceito participar",Região Sudeste,Zona urbana,Entre 26 e 35 anos,Feminino,Branca,De 1 a 2 salários mínimos,Ensino superior completo,1 vez por semana,Apreciador interessado,"Apreciador, com interesse pelo tema","Vinho branco seco, Vinho rosé, Vinho espumante, Vinho suave","Supermercados, Lojas físicas especializadas","Variedade, Vinícola / Produtor, Design e informação do rótulo, Curiosidade ou interesse por novos produtos","Sustentabilidade ambiental (menor impacto no cultivo), Clareza e transparência das informações no rótulo, Presença de certificações ou selos ambientais",Muito importante,4.3,Alta frequência,3,1,2,Alta prioridade
216,2026-05-15 17:13:19.397,"Sim, aceito participar",Região Sul,Zona urbana,Entre 46 e 55 anos,Feminino,Branca,Acima de 6 salários mínimos,Pós-graduação completa,1 vez por semana,Apreciador interessado,"Apreciador, com interesse pelo tema","Vinho tinto seco, Vinho rosé, Vinho espumante","Lojas físicas especializadas, Lojas online especializadas","Região de origem, Variedade, Recomendação (amigos, especialistas, avaliações)","Qualidade sensorial (sabor, aroma, equilíbrio), Origem das uvas (região/procedência), Presença de certificações ou selos ambientais",Muito importante,4.3,Alta frequência,3,1,2,Alta prioridade
217,2026-05-15 20:31:47.958,"Sim, aceito participar",Região Sul,Zona urbana,Entre 26 e 35 anos,Masculino,Branca,Acima de 6 salários mínimos,Pós-graduação completa,1 vez por semana,Apreciador técnico,"Apreciador, com conhecimentos técnicos","Vinho tinto seco, Vinho branco seco, Vinho rosé, Vinho espumante, Vinho demi-sec","Supermercados, Diretamente em vinícolas","Preço, Variedade, Curiosidade ou interesse por novos produtos","Qualidade sensorial (sabor, aroma, equilíbrio), Sustentabilidade ambiental (menor impacto no cultivo), Preço, Grau de inovação do produto",Muito importante,4.3,Alta frequência,3,1,3,Alta prioridade
218,2026-05-16 09:33:18.274,"Sim, aceito participar",Região Sul,Zona urbana,Entre 26 e 35 anos,Feminino,Branca,De 3 a 4 salários mínimos,Pós-graduação incompleta,1 vez por mês,Profissional do setor,"Profissional da área de vinhos (ex.: sommelier, enólogo, atuação na indústria ou enoturismo)","Vinho branco seco, Vinho rosé, Vinho espumante","Lojas físicas especializadas, Diretamente em vinícolas","Variedade, Vinícola / Produtor, Recomendação (amigos, especialistas, avaliações), Curiosidade ou interesse por novos produtos","Qualidade sensorial (sabor, aroma, equilíbrio), Presença de certificações ou selos ambientais, Preço",Muito importante,1.0,Frequência moderada,3,1,4,Potencial sustentável
219,2026-05-16 09:35:23.360,"Sim, aceito participar",Região Sul,Zona urbana,Entre 26 e 35 anos,Masculino,Branca,Menos de 1 salário mínimo,Pós-graduação incompleta,1 vez por mês,Profissional do setor,"Profissional da área de vinhos (ex.: sommelier, enólogo, atuação na indústria ou enoturismo)","Vinho tinto seco, Vinho branco seco, Vinho espumante, Vinho licoroso e/ou fortificado","Supermercados, Lojas físicas especializadas, Lojas online especializadas, Diretamente em vinícolas","Preço, Região de origem, Variedade, Vinícola / Produtor, Recomendação (amigos, especialistas, avaliações), Design e informação do rótulo, Promoções ou descontos, Curiosidade ou interesse por novos produtos","Qualidade sensorial (sabor, aroma, equilíbrio), Preço",Moderadamente importante,1.0,Frequência moderada,2,0,4,Baixa prioridade
220,2026-05-16 09:38:04.212,"Sim, aceito participar",Região Sul,Zona rural,Entre 36 e 45 anos,Masculino,Branca,Acima de 6 salários mínimos,Pós-graduação completa,1 vez a cada 15 dias,Apreciador interessado,"Apreciador, com interesse pelo tema",Vinho tinto seco,Supermercados,"Preço, Variedade, Design e informação do rótulo","Qualidade sensorial (sabor, aroma, equilíbrio), Sustentabilidade ambiental (menor impacto no cultivo), Presença de certificações ou selos ambientais",Muito importante,2.0,Frequência moderada,3,1,2,Potencial sustentável
221,2026-05-16 09:39:48.730,"Sim, aceito participar",Região Sul,Zona urbana,Entre 36 e 45 anos,Masculino,Branca,De 5 a 6 salários mínimos,Pós-graduação incompleta,1 vez a cada 15 dias,Profissional do setor,"Profissional da área de vinhos (ex.: sommelier, enólogo, atuação na indústria ou enoturismo)","Vinho tinto seco, Vinho branco seco, Vinho rosé, Vinho espumante","Supermercados, Diretamente em vinícolas, Restaurantes e bares","Preço, Variedade, Vinícola / Produtor, Promoções ou descontos, Curiosidade ou interesse por novos produtos","Qualidade sensorial (sabor, aroma, equilíbrio), Preço, Grau de inovação do produto",Pouco importante,2.0,Frequência moderada,1,0,4,Baixa prioridade
222,2026-05-16 09:40:26.125,"Sim, aceito participar",Região Sul,Zona urbana,Entre 36 e 45 anos,Masculino,Preta,De 3 a 4 salários mínimos,Pós-graduação completa,1 vez por semana,Apreciador interessado,"Apreciador, com interesse pelo tema",Vinho tinto seco,Supermercados,Design e informação do rótulo,"Qualidade sensorial (sabor, aroma, equilíbrio)",Moderadamente importante,4.3,Alta frequência,2,0,2,Consumidor frequente tradicional
223,2026-05-16 09:51:04.610,"Sim, aceito participar",Região Sul,Zona urbana,Entre 18 e 25 anos,Feminino,Branca,De 3 a 4 salários mínimos,Pós-graduação incompleta,De 2 a 3 vezes por semana,Profissional do setor,"Profissional da área de vinhos (ex.: sommelier, enólogo, atuação na indústria ou enoturismo)","Vinho tinto seco, Vinho branco seco, Vinho rosé, Vinho espumante, Vinho demi-sec","Supermercados, Diretamente em vinícolas, Restaurantes e bares","Preço, Variedade, Vinícola / Produtor, Descrição sensorial (aroma, sabor estilo), Design e informação do rótulo, Práticas sustentáveis e/ou impacto ambiental, Promoções ou descontos","Qualidade sensorial (sabor, aroma, equilíbrio), Sustentabilidade ambiental (menor impacto no cultivo), Clareza e transparência das informações no rótulo, Presença de certificações ou selos ambientais, Preço",Extremamente importante,10.8,Alta frequência,4,1,4,Alta prioridade
224,2026-05-16 13:24:56.696,"Sim, aceito participar",Região Sul,Zona urbana,Acima de 55 anos,Feminino,Branca,De 3 a 4 salários mínimos,Pós-graduação completa,De 4 a 6 vezes por semana,Consumidor ocasional,"Consumidor ocasional, sem conhecimento técnico",Não tenho preferência definida,Supermercados,"Preço, Região de origem, Variedade, Recomendação (amigos, especialistas, avaliações), Promoções ou descontos",Sustentabilidade ambiental (menor impacto no cultivo),Extremamente importante,21.5,Alta frequência,4,1,1,Alta prioridade
225,2026-05-16 19:22:39.851,"Sim, aceito participar",Região Sul,Zona urbana,Entre 26 e 35 anos,Masculino,Parda,Prefiro não responder,Ensino médio completo,De 4 a 6 vezes por semana,Profissional do setor,"Profissional da área de vinhos (ex.: sommelier, enólogo, atuação na indústria ou enoturismo)","Vinho tinto seco, Vinho branco seco, Vinho rosé, Vinho espumante, Vinho suave, Vinho demi-sec, Vinho licoroso e/ou fortificado","Supermercados, Lojas físicas especializadas, Lojas online especializadas, Restaurantes e bares","Preço, Região de origem, Recomendação (amigos, especialistas, avaliações), Promoções ou descontos, Curiosidade ou interesse por novos produtos","Qualidade sensorial (sabor, aroma, equilíbrio), Origem das uvas (região/procedência), Clareza e transparência das informações no rótulo, Preço",Moderadamente importante,21.5,Alta frequência,2,0,4,Consumidor frequente tradicional
226,2026-05-17 11:30:32.388,"Sim, aceito participar",Região Nordeste,Zona urbana,Entre 46 e 55 anos,Feminino,Parda,Acima de 6 salários mínimos,Pós-graduação completa,1 vez a cada 15 dias,Profissional do setor,"Profissional da área de vinhos (ex.: sommelier, enólogo, atuação na indústria ou enoturismo)","Vinho tinto seco, Vinho branco seco, Vinho espumante, Vinho licoroso e/ou fortificado","Lojas físicas especializadas, Lojas online especializadas, Diretamente em vinícolas, Restaurantes e bares","Região de origem, Variedade, Promoções ou descontos, Curiosidade ou interesse por novos produtos","Qualidade sensorial (sabor, aroma, equilíbrio), Sustentabilidade ambiental (menor impacto no cultivo), Clareza e transparência das informações no rótulo",Extremamente importante,2.0,Frequência moderada,4,1,4,Potencial sustentável
227,2026-05-17 11:41:03.039,"Sim, aceito participar",Região Sul,Zona urbana,Entre 36 e 45 anos,Feminino,Branca,De 3 a 4 salários mínimos,Pós-graduação completa,Raramente,Apreciador interessado,"Apreciador, com interesse pelo tema","Vinho tinto seco, Vinho espumante","Supermercados, Lojas físicas especializadas","Preço, Região de origem, Variedade, Promoções ou descontos","Sustentabilidade ambiental (menor impacto no cultivo), Origem das uvas (região/procedência), Preço",Extremamente importante,0.5,Baixa frequência,4,1,2,Potencial sustentável
228,2026-05-18 10:41:01.032,"Sim, aceito participar",Região Sul,Zona urbana,Acima de 55 anos,Feminino,Branca,Acima de 6 salários mínimos,Pós-graduação completa,1 vez a cada 15 dias,Apreciador interessado,"Apreciador, com interesse pelo tema","Vinho tinto seco, Vinho branco seco, Vinho rosé","Supermercados, Lojas online especializadas","Preço, Variedade, Vinícola / Produtor, Promoções ou descontos","Qualidade sensorial (sabor, aroma, equilíbrio), Origem das uvas (região/procedência), Presença de certificações ou selos ambientais, Preço",Extremamente importante,2.0,Frequência moderada,4,1,2,Potencial sustentável
229,2026-05-18 10:49:15.528,"Sim, aceito participar",Região Sul,Zona urbana,Entre 46 e 55 anos,Feminino,Branca,Acima de 6 salários mínimos,Pós-graduação completa,1 vez por mês,Apreciador interessado,"Apreciador, com interesse pelo tema","Vinho tinto seco, Vinho espumante","Supermercados, Lojas físicas especializadas","Preço, Região de origem, Variedade, Recomendação (amigos, especialistas, avaliações), Promoções ou descontos","Qualidade sensorial (sabor, aroma, equilíbrio), Clareza e transparência das informações no rótulo, Preço",Moderadamente importante,1.0,Frequência moderada,2,0,2,Baixa prioridade
230,2026-05-18 11:25:51.916,"Sim, aceito participar",Região Sudeste,Zona urbana,Entre 26 e 35 anos,Feminino,Branca,De 1 a 2 salários mínimos,Pós-graduação incompleta,Raramente,Consumidor ocasional,"Consumidor ocasional, sem conhecimento técnico","Vinho branco seco, Vinho rosé, Vinho espumante",Supermercados,"Preço, Variedade, Recomendação (amigos, especialistas, avaliações), Descrição sensorial (aroma, sabor estilo), Promoções ou descontos, harmonização","Qualidade sensorial (sabor, aroma, equilíbrio), Sustentabilidade ambiental (menor impacto no cultivo), Clareza e transparência das informações no rótulo, Presença de certificações ou selos ambientais",Extremamente importante,0.5,Baixa frequência,4,1,1,Potencial sustentável
231,2026-05-18 14:33:31.578,"Sim, aceito participar",Região Nordeste,Zona urbana,Acima de 55 anos,Feminino,Branca,De 3 a 4 salários mínimos,Ensino superior completo,1 vez por mês,Apreciador interessado,"Apreciador, com interesse pelo tema","Vinho tinto seco, Vinho branco seco, Vinho espumante",Lojas físicas especializadas,"Recomendação (amigos, especialistas, avaliações), Descrição sensorial (aroma, sabor estilo), Curiosidade ou interesse por novos produtos","Qualidade sensorial (sabor, aroma, equilíbrio), Sustentabilidade ambiental (menor impacto no cultivo), Clareza e transparência das informações no rótulo, Preço, Grau de inovação do produto",Extremamente importante,1.0,Frequência moderada,4,1,2,Potencial sustentável
232,2026-05-18 15:33:09.143,"Sim, aceito participar",Região Nordeste,Zona urbana,Entre 36 e 45 anos,Feminino,Parda,Menos de 1 salário mínimo,Ensino superior completo,Raramente,Consumidor ocasional,"Consumidor ocasional, sem conhecimento técnico",Vinho suave,Supermercados,Região de origem,Sustentabilidade ambiental (menor impacto no cultivo),Moderadamente importante,0.5,Baixa frequência,2,0,1,Baixa prioridade
233,2026-05-18 15:50:18.938,"Sim, aceito participar",Região Sul,Zona urbana,Entre 36 e 45 anos,Feminino,Branca,De 1 a 2 salários mínimos,Pós-graduação completa,Raramente,Consumidor ocasional,"Consumidor ocasional, sem conhecimento técnico","Vinho tinto seco, Vinho rosé, Vinho suave, Vinho licoroso e/ou fortificado","Supermercados, Lojas online especializadas","Preço, Região de origem, Vinícola / Produtor, Descrição sensorial (aroma, sabor estilo), Curiosidade ou interesse por novos produtos","Sustentabilidade ambiental (menor impacto no cultivo), Clareza e transparência das informações no rótulo, Presença de certificações ou selos ambientais",Moderadamente importante,0.5,Baixa frequência,2,0,1,Baixa prioridade
234,2026-05-18 16:41:20.923,"Sim, aceito participar",Região Sul,Zona urbana,Entre 46 e 55 anos,Feminino,Branca,Acima de 6 salários mínimos,Pós-graduação completa,Raramente,Consumidor ocasional,"Consumidor ocasional, sem conhecimento técnico","Vinho tinto seco, Vinho espumante, Vinho suave, Vinho demi-sec",Restaurantes e bares,"Preço, Região de origem, Recomendação (amigos, especialistas, avaliações)","Qualidade sensorial (sabor, aroma, equilíbrio), Origem das uvas (região/procedência), Clareza e transparência das informações no rótulo, Presença de certificações ou selos ambientais",Extremamente importante,0.5,Baixa frequência,4,1,1,Potencial sustentável
235,2026-05-18 18:44:36.343,"Sim, aceito participar",Região Nordeste,Zona urbana,Entre 36 e 45 anos,Feminino,Branca,De 1 a 2 salários mínimos,Pós-graduação incompleta,1 vez por mês,Consumidor ocasional,"Consumidor ocasional, sem conhecimento técnico","Vinho rosé, Vinho espumante, Vinho suave",Supermercados,"Região de origem, Variedade, Recomendação (amigos, especialistas, avaliações), Promoções ou descontos, Curiosidade ou interesse por novos produtos","Qualidade sensorial (sabor, aroma, equilíbrio), Sustentabilidade ambiental (menor impacto no cultivo), Origem das uvas (região/procedência), Clareza e transparência das informações no rótulo, Grau de inovação do produto",Extremamente importante,1.0,Frequência moderada,4,1,1,Potencial sustentável
236,2026-05-18 20:14:51.081,"Sim, aceito participar",Região Sul,Zona urbana,Entre 18 e 25 anos,Feminino,Parda,De 3 a 4 salários mínimos,Pós-graduação incompleta,Raramente,Consumidor ocasional,"Consumidor ocasional, sem conhecimento técnico","Vinho tinto seco, Vinho branco seco, Vinho rosé",Supermercados,"Preço, Variedade, Recomendação (amigos, especialistas, avaliações), Design e informação do rótulo, Promoções ou descontos","Qualidade sensorial (sabor, aroma, equilíbrio), Preço",Muito importante,0.5,Baixa frequência,3,1,1,Potencial sustentável
237,2026-05-18 23:02:25.784,"Sim, aceito participar",Região Centro-Oeste,Zona urbana,Entre 26 e 35 anos,Feminino,Branca,De 5 a 6 salários mínimos,Pós-graduação completa,1 vez a cada 15 dias,Apreciador interessado,"Apreciador, com interesse pelo tema","Vinho tinto seco, Vinho branco seco, Vinho rosé",Supermercados,"Preço, Vinícola / Produtor, Recomendação (amigos, especialistas, avaliações), Descrição sensorial (aroma, sabor estilo), Design e informação do rótulo","Qualidade sensorial (sabor, aroma, equilíbrio), Origem das uvas (região/procedência), Clareza e transparência das informações no rótulo",Muito importante,2.0,Frequência moderada,3,1,2,Potencial sustentável
238,2026-05-19 09:00:22.702,"Sim, aceito participar",Região Nordeste,Zona urbana,Acima de 55 anos,Feminino,Parda,De 3 a 4 salários mínimos,Pós-graduação completa,Não consumo vinho,Apreciador interessado,"Apreciador, com interesse pelo tema","Vinho tinto seco, Vinho rosé, Vinho demi-sec","Supermercados, Restaurantes e bares","Preço, Região de origem, Recomendação (amigos, especialistas, avaliações)","Qualidade sensorial (sabor, aroma, equilíbrio), Sustentabilidade ambiental (menor impacto no cultivo), Clareza e transparência das informações no rótulo, Presença de certificações ou selos ambientais",Extremamente importante,0.0,Não consumidor,4,1,2,Potencial sustentável
239,2026-05-21 10:21:35.672,"Sim, aceito participar",Região Sul,Zona urbana,Acima de 55 anos,Masculino,Branca,Acima de 6 salários mínimos,Pós-graduação completa,De 2 a 3 vezes por semana,Profissional do setor,"Profissional da área de vinhos (ex.: sommelier, enólogo, atuação na indústria ou enoturismo)","Vinho tinto seco, Vinho branco seco, Vinho rosé, Vinho espumante, Vinho licoroso e/ou fortificado","Supermercados, Restaurantes e bares","Preço, Região de origem, Variedade, Vinícola / Produtor, Recomendação (amigos, especialistas, avaliações), Design e informação do rótulo, Promoções ou descontos, Curiosidade ou interesse por novos produtos","Qualidade sensorial (sabor, aroma, equilíbrio), Sustentabilidade ambiental (menor impacto no cultivo), Origem das uvas (região/procedência), Clareza e transparência das informações no rótulo, Preço",Muito importante,10.8,Alta frequência,3,1,4,Alta prioridade
240,2026-05-25 08:06:49.548,"Sim, aceito participar",Região Sul,Zona urbana,Acima de 55 anos,Masculino,Branca,Acima de 6 salários mínimos,Pós-graduação completa,1 vez por semana,Profissional do setor,"Profissional da área de vinhos (ex.: sommelier, enólogo, atuação na indústria ou enoturismo)","Vinho tinto seco, Vinho branco seco, Vinho rosé, Vinho espumante, Vinho licoroso e/ou fortificado","Supermercados, Lojas online especializadas, Diretamente em vinícolas","Preço, Região de origem, Variedade, Descrição sensorial (aroma, sabor estilo), Curiosidade ou interesse por novos produtos","Qualidade sensorial (sabor, aroma, equilíbrio), Sustentabilidade ambiental (menor impacto no cultivo), Presença de certificações ou selos ambientais",Extremamente importante,4.3,Alta frequência,4,1,4,Alta prioridade
241,2026-05-25 12:21:50.431,"Sim, aceito participar",Região Sul,Zona urbana,Entre 36 e 45 anos,Feminino,Branca,De 3 a 4 salários mínimos,Pós-graduação incompleta,Raramente,Consumidor ocasional,"Consumidor ocasional, sem conhecimento técnico","Vinho rosé, Vinho espumante, Vinho suave, Vinho demi-sec","Supermercados, Lojas físicas especializadas","Preço, Recomendação (amigos, especialistas, avaliações), Promoções ou descontos, Curiosidade ou interesse por novos produtos","Sustentabilidade ambiental (menor impacto no cultivo), Presença de certificações ou selos ambientais, Preço",Muito importante,0.5,Baixa frequência,3,1,1,Potencial sustentável
242,2026-05-25 13:03:00.797,"Sim, aceito participar",Região Sul,Zona urbana,Entre 46 e 55 anos,Feminino,Branca,De 5 a 6 salários mínimos,Pós-graduação completa,1 vez por mês,Apreciador interessado,"Apreciador, com interesse pelo tema",Vinho suave,Supermercados,"Região de origem, Recomendação (amigos, especialistas, avaliações), Design e informação do rótulo, Promoções ou descontos","Qualidade sensorial (sabor, aroma, equilíbrio), Sustentabilidade ambiental (menor impacto no cultivo), Clareza e transparência das informações no rótulo",Muito importante,1.0,Frequência moderada,3,1,2,Potencial sustentável
243,2026-05-26 16:14:36.931,"Sim, aceito participar",Região Nordeste,Zona urbana,Entre 36 e 45 anos,Feminino,Parda,Acima de 6 salários mínimos,Pós-graduação completa,Raramente,Consumidor ocasional,"Consumidor ocasional, sem conhecimento técnico","Vinho rosé, Vinho espumante, Vinho suave",Supermercados,"Preço, Descrição sensorial (aroma, sabor estilo), Design e informação do rótulo","Sustentabilidade ambiental (menor impacto no cultivo), Presença de certificações ou selos ambientais, Grau de inovação do produto",Muito importante,0.5,Baixa frequência,3,1,1,Potencial sustentável
244,2026-05-26 16:28:16.116,"Sim, aceito participar",Região Nordeste,Zona urbana,Entre 36 e 45 anos,Feminino,Parda,Acima de 6 salários mínimos,Pós-graduação completa,1 vez por semana,Consumidor ocasional,"Consumidor ocasional, sem conhecimento técnico","Vinho tinto seco, Vinho branco seco, Vinho rosé",Supermercados,"Preço, Região de origem","Qualidade sensorial (sabor, aroma, equilíbrio), Clareza e transparência das informações no rótulo",Muito importante,4.3,Alta frequência,3,1,1,Alta prioridade
245,2026-05-26 16:31:13.721,"Sim, aceito participar",Região Nordeste,Zona urbana,Entre 36 e 45 anos,Feminino,Preta,De 1 a 2 salários mínimos,Ensino superior completo,Raramente,Consumidor ocasional,"Consumidor ocasional, sem conhecimento técnico",Vinho suave,Supermercados,"Recomendação (amigos, especialistas, avaliações)","Qualidade sensorial (sabor, aroma, equilíbrio)",Muito importante,0.5,Baixa frequência,3,1,1,Potencial sustentável
246,2026-05-26 16:41:09.950,"Sim, aceito participar",Região Nordeste,Zona urbana,Entre 36 e 45 anos,Feminino,Branca,Acima de 6 salários mínimos,Pós-graduação completa,1 vez a cada 15 dias,Consumidor ocasional,"Consumidor ocasional, sem conhecimento técnico","Vinho branco seco, Vinho rosé, Vinho espumante","Supermercados, Lojas físicas especializadas","Variedade, Recomendação (amigos, especialistas, avaliações), Práticas sustentáveis e/ou impacto ambiental, Promoções ou descontos","Qualidade sensorial (sabor, aroma, equilíbrio), Sustentabilidade ambiental (menor impacto no cultivo), Clareza e transparência das informações no rótulo, Presença de certificações ou selos ambientais, Preço",Extremamente importante,2.0,Frequência moderada,4,1,1,Potencial sustentável
247,2026-05-26 16:55:03.958,"Sim, aceito participar",Região Nordeste,Zona rural,Entre 18 e 25 anos,Feminino,Parda,Menos de 1 salário mínimo,Ensino médio completo,Não consumo vinho,Não consumidor,Não consumidor,Não tenho preferência definida,Supermercados,"Região de origem, Variedade, Práticas sustentáveis e/ou impacto ambiental","Qualidade sensorial (sabor, aroma, equilíbrio), Origem das uvas (região/procedência), Clareza e transparência das informações no rótulo, Presença de certificações ou selos ambientais",Extremamente importante,0.0,Não consumidor,4,1,0,Potencial sustentável
248,2026-05-26 17:09:07.820,"Sim, aceito participar",Região Nordeste,Zona urbana,Entre 18 e 25 anos,Masculino,Parda,De 1 a 2 salários mínimos,Pós-graduação completa,1 vez por mês,Consumidor ocasional,"Consumidor ocasional, sem conhecimento técnico","Vinho branco seco, Vinho rosé, Vinho espumante, Vinho suave",Supermercados,"Preço, Recomendação (amigos, especialistas, avaliações), Design e informação do rótulo, Promoções ou descontos","Sustentabilidade ambiental (menor impacto no cultivo), Clareza e transparência das informações no rótulo, Preço",Moderadamente importante,1.0,Frequência moderada,2,0,1,Baixa prioridade
249,2026-05-26 17:24:36.468,"Sim, aceito participar",Região Nordeste,Zona urbana,Entre 18 e 25 anos,Masculino,Parda,De 1 a 2 salários mínimos,Pós-graduação incompleta,De 2 a 3 vezes por semana,Consumidor ocasional,"Consumidor ocasional, sem conhecimento técnico",Vinho tinto seco,Supermercados,"Preço, Design e informação do rótulo, Promoções ou descontos","Sustentabilidade ambiental (menor impacto no cultivo), Clareza e transparência das informações no rótulo, Presença de certificações ou selos ambientais, Preço",Extremamente importante,10.8,Alta frequência,4,1,1,Alta prioridade
250,2026-05-26 18:30:25.191,"Sim, aceito participar",Região Nordeste,Zona urbana,Entre 26 e 35 anos,Masculino,Parda,Acima de 6 salários mínimos,Pós-graduação completa,1 vez a cada 15 dias,Apreciador interessado,"Apreciador, com interesse pelo tema","Vinho tinto seco, Vinho branco seco, Vinho rosé","Supermercados, Lojas físicas especializadas, Lojas online especializadas","Preço, Variedade, Recomendação (amigos, especialistas, avaliações), Descrição sensorial (aroma, sabor estilo)","Qualidade sensorial (sabor, aroma, equilíbrio), Clareza e transparência das informações no rótulo, Preço",Moderadamente importante,2.0,Frequência moderada,2,0,2,Baixa prioridade
251,2026-05-27 08:10:01.183,"Sim, aceito participar",Região Nordeste,Zona urbana,Entre 26 e 35 anos,Feminino,Branca,De 1 a 2 salários mínimos,Pós-graduação incompleta,1 vez por mês,Consumidor ocasional,"Consumidor ocasional, sem conhecimento técnico","Vinho tinto seco, Vinho demi-sec",Supermercados,"Preço, Recomendação (amigos, especialistas, avaliações), Descrição sensorial (aroma, sabor estilo), Design e informação do rótulo","Qualidade sensorial (sabor, aroma, equilíbrio), Clareza e transparência das informações no rótulo, Presença de certificações ou selos ambientais, Preço",Muito importante,1.0,Frequência moderada,3,1,1,Potencial sustentável
252,2026-05-27 11:25:07.552,"Sim, aceito participar",Região Sul,Zona urbana,Entre 36 e 45 anos,Feminino,Branca,Acima de 6 salários mínimos,Pós-graduação completa,De 2 a 3 vezes por semana,Apreciador técnico,"Apreciador, com conhecimentos técnicos","Vinho tinto seco, Vinho branco seco, Vinho rosé",Supermercados,"Preço, Região de origem, Variedade","Qualidade sensorial (sabor, aroma, equilíbrio), Sustentabilidade ambiental (menor impacto no cultivo), Clareza e transparência das informações no rótulo, Preço",Extremamente importante,10.8,Alta frequência,4,1,3,Alta prioridade
253,2026-05-27 16:04:39.723,"Sim, aceito participar",Região Sul,Zona urbana,Entre 18 e 25 anos,Feminino,Branca,Menos de 1 salário mínimo,Pós-graduação completa,1 vez a cada 15 dias,Consumidor ocasional,"Consumidor ocasional, sem conhecimento técnico","Vinho rosé, Vinho espumante, Vinho suave, Vinho demi-sec","Supermercados, Lojas físicas especializadas, Lojas online especializadas, Restaurantes e bares","Preço, Recomendação (amigos, especialistas, avaliações), Descrição sensorial (aroma, sabor estilo), Promoções ou descontos, Curiosidade ou interesse por novos produtos","Qualidade sensorial (sabor, aroma, equilíbrio), Preço",Extremamente importante,2.0,Frequência moderada,4,1,1,Potencial sustentável
254,2026-05-28 08:01:05.566,"Sim, aceito participar",Região Sul,Zona urbana,Entre 46 e 55 anos,Feminino,Branca,Acima de 6 salários mínimos,Pós-graduação completa,De 4 a 6 vezes por semana,Apreciador interessado,"Apreciador, com interesse pelo tema","Vinho tinto seco, Vinho branco seco, Vinho espumante","Supermercados, Feira do produtor","Preço, Variedade, Vinícola / Produtor","Sustentabilidade ambiental (menor impacto no cultivo), Origem das uvas (região/procedência)",Extremamente importante,21.5,Alta frequência,4,1,2,Alta prioridade
255,2026-05-28 15:06:31.403,"Sim, aceito participar",Região Sul,Zona rural,Entre 26 e 35 anos,Masculino,Prefiro não responder,De 3 a 4 salários mínimos,Pós-graduação completa,Raramente,Consumidor ocasional,"Consumidor ocasional, sem conhecimento técnico",Vinho suave,"Supermercados, Restaurantes e bares","Preço, Promoções ou descontos","Qualidade sensorial (sabor, aroma, equilíbrio), Sustentabilidade ambiental (menor impacto no cultivo), Origem das uvas (região/procedência), Clareza e transparência das informações no rótulo, Presença de certificações ou selos ambientais, Preço, Grau de inovação do produto",Moderadamente importante,0.5,Baixa frequência,2,0,1,Baixa prioridade
256,2026-06-01 12:56:26.677,"Sim, aceito participar",Região Sul,Zona urbana,Entre 26 e 35 anos,Feminino,Branca,De 3 a 4 salários mínimos,Pós-graduação completa,1 vez por semana,Profissional do setor,"Profissional da área de vinhos (ex.: sommelier, enólogo, atuação na indústria ou enoturismo)","Vinho tinto seco, Vinho branco seco, Vinho espumante","Supermercados, Lojas físicas especializadas, Diretamente em vinícolas, Restaurantes e bares","Preço, Região de origem, Variedade, Vinícola / Produtor, Recomendação (amigos, especialistas, avaliações), Curiosidade ou interesse por novos produtos","Qualidade sensorial (sabor, aroma, equilíbrio), Sustentabilidade ambiental (menor impacto no cultivo), Origem das uvas (região/procedência), Clareza e transparência das informações no rótulo, Grau de inovação do produto",Extremamente importante,4.3,Alta frequência,4,1,4,Alta prioridade
257,2026-06-02 11:00:28.898,"Sim, aceito participar",Região Sul,Zona urbana,Entre 26 e 35 anos,Feminino,Branca,De 3 a 4 salários mínimos,Pós-graduação incompleta,1 vez a cada 15 dias,Apreciador técnico,"Apreciador, com conhecimentos técnicos","Vinho tinto seco, Vinho branco seco, Vinho rosé, Vinho espumante, Vinho demi-sec","Supermercados, Lojas físicas especializadas, Diretamente em vinícolas","Preço, Região de origem, Variedade, Recomendação (amigos, especialistas, avaliações), Descrição sensorial (aroma, sabor estilo), Design e informação do rótulo, Promoções ou descontos","Qualidade sensorial (sabor, aroma, equilíbrio), Clareza e transparência das informações no rótulo, Grau de inovação do produto",Extremamente importante,2.0,Frequência moderada,4,1,3,Potencial sustentável
258,2026-06-08 11:00:50.453,"Sim, aceito participar",Região Sudeste,Zona urbana,Entre 46 e 55 anos,Masculino,Branca,Acima de 6 salários mínimos,Pós-graduação completa,De 2 a 3 vezes por semana,Profissional do setor,"Profissional da área de vinhos (ex.: sommelier, enólogo, atuação na indústria ou enoturismo)","Vinho tinto seco, Vinho branco seco, Vinho rosé, Vinho espumante, Vinho licoroso e/ou fortificado","Supermercados, Lojas físicas especializadas, Lojas online especializadas, Diretamente em vinícolas, Restaurantes e bares","Preço, Região de origem, Variedade, Vinícola / Produtor, Promoções ou descontos, Curiosidade ou interesse por novos produtos","Qualidade sensorial (sabor, aroma, equilíbrio), Clareza e transparência das informações no rótulo, Preço",Moderadamente importante,10.8,Alta frequência,2,0,4,Consumidor frequente tradicional
259,2026-06-10 11:26:22.622,"Sim, aceito participar",Região Sul,Zona urbana,Entre 46 e 55 anos,Masculino,Branca,Acima de 6 salários mínimos,Pós-graduação completa,1 vez por mês,Apreciador interessado,"Apreciador, com interesse pelo tema","Vinho tinto seco, Vinho branco seco, Vinho espumante","Lojas físicas especializadas, Lojas online especializadas, Diretamente em vinícolas","Preço, Região de origem, Vinícola / Produtor, Recomendação (amigos, especialistas, avaliações), Curiosidade ou interesse por novos produtos","Qualidade sensorial (sabor, aroma, equilíbrio), Origem das uvas (região/procedência), Presença de certificações ou selos ambientais, Preço",Muito importante,1.0,Frequência moderada,3,1,2,Potencial sustentável
260,2026-06-11 00:25:16.750,"Sim, aceito participar",Região Sul,Zona urbana,Entre 46 e 55 anos,Feminino,Amarela,Acima de 6 salários mínimos,Pós-graduação completa,Raramente,Apreciador interessado,"Apreciador, com interesse pelo tema","Vinho tinto seco, Vinho espumante, Vinho licoroso e/ou fortificado","Supermercados, Lojas físicas especializadas, Lojas online especializadas, Diretamente em vinícolas, Restaurantes e bares, feiras","Preço, Região de origem, Variedade, Vinícola / Produtor, Recomendação (amigos, especialistas, avaliações), Descrição sensorial (aroma, sabor estilo), Promoções ou descontos, Curiosidade ou interesse por novos produtos","Qualidade sensorial (sabor, aroma, equilíbrio), Origem das uvas (região/procedência), Presença de certificações ou selos ambientais, Preço",Muito importante,0.5,Baixa frequência,3,1,2,Potencial sustentável
261,2026-07-06 12:04:26.597,"Sim, aceito participar",Região Sul,Zona urbana,Entre 46 e 55 anos,Feminino,Branca,Acima de 6 salários mínimos,Pós-graduação completa,De 2 a 3 vezes por semana,Apreciador técnico,"Apreciador, com conhecimentos técnicos","Vinho tinto seco, Vinho branco seco, Vinho rosé, Vinho espumante, Vinho demi-sec, Vinho licoroso e/ou fortificado","Lojas físicas especializadas, Lojas online especializadas, Diretamente em vinícolas, Restaurantes e bares","Região de origem, Variedade, Vinícola / Produtor, Descrição sensorial (aroma, sabor estilo), Práticas sustentáveis e/ou impacto ambiental, Curiosidade ou interesse por novos produtos","Qualidade sensorial (sabor, aroma, equilíbrio), Sustentabilidade ambiental (menor impacto no cultivo), Clareza e transparência das informações no rótulo, Presença de certificações ou selos ambientais, Grau de inovação do produto",Extremamente importante,10.8,Alta frequência,4,1,3,Alta prioridade
